Unnamed: 0,link,created_at,scraped_at
2616,https://www.fincaraiz.com.co/apartamento-en-venta/191631625,2024-11-10 14:51:39.558129,
2904,https://www.fincaraiz.com.co/apartamento-en-venta/191605000,2024-11-10 14:53:55.777187,
4717,https://www.fincaraiz.com.co/apartamento-en-venta/191307377,2024-11-10 14:53:51.899682,
4800,https://www.fincaraiz.com.co/apartamento-en-venta/191615622,2024-11-10 14:54:58.989875,
5040,https://www.fincaraiz.com.co/proyectos/montecielo-ii/10256156,2024-11-10 14:50:49.820417,
5041,https://www.fincaraiz.com.co/proyectos/la-bella-fontana/4633056,2024-11-10 14:50:49.823346,
5042,https://www.fincaraiz.com.co/proyectos/maui-68/10471287,2024-11-10 14:50:49.825706,
5043,https://www.fincaraiz.com.co/proyectos/hacienda-la-estancia-rioja/5425949,2024-11-10 14:50:49.827925,
5044,https://www.fincaraiz.com.co/proyectos/optimus-61/10304279,2024-11-10 14:50:49.829896,
5045,https://www.fincaraiz.com.co/proyectos/gran-reserva-de-syrah/6151973,2024-11-10 14:50:49.831865,
5046,https://www.fincaraiz.com.co/proyectos/hacienda-los-lagos/6092357,2024-11-10 14:50:49.833580,
5047,https://www.fincaraiz.com.co/proyectos/miramont-park/1587448,2024-11-10 14:50:49.835292,
5048,https://www.fincaraiz.com.co/proyectos/loft-56/10071791,2024-11-10 14:50:49.837583,
5049,https://www.fincaraiz.com.co/proyectos/vizcaya/10321837,2024-11-10 14:50:49.839273,
5050,https://www.fincaraiz.com.co/proyectos/nativa-parque-de-las-americas/10338805,2024-11-10 14:50:49.840836,
5051,https://www.fincaraiz.com.co/proyectos/edificio-laura/7419389,2024-11-10 14:50:49.842504,
5052,https://www.fincaraiz.com.co/proyectos/altos-de-bella-suiza/4633027,2024-11-10 14:50:49.844544,
5053,https://www.fincaraiz.com.co/proyectos/luar/5390420,2024-11-10 14:50:49.846706,
5054,https://www.fincaraiz.com.co/proyectos/torres-del-20-de-julio/3208138,2024-11-10 14:50:49.848869,
5055,https://www.fincaraiz.com.co/proyectos/tuset/15016840,2024-11-10 14:50:49.851011,
5056,https://www.fincaraiz.com.co/proyectos/aragon-170/10742125,2024-11-10 14:50:49.853093,
5057,https://www.fincaraiz.com.co/proyectos/torre-de-los-andes/7707475,2024-11-10 14:50:49.855085,
5058,https://www.fincaraiz.com.co/proyectos/murales/15016831,2024-11-10 14:50:49.856909,
5059,https://www.fincaraiz.com.co/proyectos/navarra/7871302,2024-11-10 14:50:49.858597,
5060,https://www.fincaraiz.com.co/proyectos/botanico/15016823,2024-11-10 14:50:49.860436,
5565,https://www.fincaraiz.com.co/proyectos/parque-central-de-occidente-3/2485983,2024-11-10 14:50:39.978855,
5566,https://www.fincaraiz.com.co/proyectos/la-scala/10566025,2024-11-10 14:50:39.981662,
5567,https://www.fincaraiz.com.co/proyectos/madeira-park/10806783,2024-11-10 14:50:39.984171,
5568,https://www.fincaraiz.com.co/proyectos/balcones-del-portal/7912864,2024-11-10 14:50:39.987118,
5569,https://www.fincaraiz.com.co/proyectos/ciudad-la-salle-burdeos/7203484,2024-11-10 14:50:39.989219,
5570,https://www.fincaraiz.com.co/proyectos/austro-cuatro-vientos/5829490,2024-11-10 14:50:39.991307,
5571,https://www.fincaraiz.com.co/proyectos/boreal/6511844,2024-11-10 14:50:39.994192,
5572,https://www.fincaraiz.com.co/proyectos/alma-72/7984025,2024-11-10 14:50:39.996546,
5573,https://www.fincaraiz.com.co/proyectos/ciruelo/10231398,2024-11-10 14:50:39.998761,
5574,https://www.fincaraiz.com.co/proyectos/la-gratitud-de-la-marlene/7055392,2024-11-10 14:50:40.001254,
5575,https://www.fincaraiz.com.co/proyectos/cantabria/4812717,2024-11-10 14:50:40.003830,
5576,https://www.fincaraiz.com.co/proyectos/centriko/7887828,2024-11-10 14:50:40.007230,
5577,https://www.fincaraiz.com.co/proyectos/la-almeria-alsacia-reservado/7872475,2024-11-10 14:50:40.010480,
5578,https://www.fincaraiz.com.co/proyectos/wakaba-1/15016891,2024-11-10 14:50:40.013463,
5579,https://www.fincaraiz.com.co/proyectos/senderos-del-portal/7512749,2024-11-10 14:50:40.017497,
5580,https://www.fincaraiz.com.co/proyectos/manzano/7505242,2024-11-10 14:50:40.021919,
5581,https://www.fincaraiz.com.co/proyectos/alamo-veramonte/6929318,2024-11-10 14:50:40.024440,
5582,https://www.fincaraiz.com.co/proyectos/urbania-eco/7419413,2024-11-10 14:50:40.026573,
5583,https://www.fincaraiz.com.co/proyectos/pomelo/10128349,2024-11-10 14:50:40.029815,
5584,https://www.fincaraiz.com.co/proyectos/torres-de-fontibon/6909505,2024-11-10 14:50:40.031911,
5585,https://www.fincaraiz.com.co/proyectos/torre-san-miguel-1/10619320,2024-11-10 14:50:40.033893,
5586,https://www.fincaraiz.com.co/proyectos/izola-zentral/5310953,2024-11-10 14:51:00.795176,
5587,https://www.fincaraiz.com.co/proyectos/natura-113/15016862,2024-11-10 14:51:00.798193,
5588,https://www.fincaraiz.com.co/proyectos/citizen/15016898,2024-11-10 14:51:00.800427,
5589,https://www.fincaraiz.com.co/proyectos/zermatt/10054872,2024-11-10 14:51:00.802936,
5590,https://www.fincaraiz.com.co/proyectos/verona/10379685,2024-11-10 14:51:00.805363,
5591,https://www.fincaraiz.com.co/proyectos/torre-estacion/4537129,2024-11-10 14:51:00.807481,
5592,https://www.fincaraiz.com.co/proyectos/la-bahia/6517041,2024-11-10 14:51:00.809580,
5593,https://www.fincaraiz.com.co/proyectos/teik-urban-style/7057683,2024-11-10 14:51:00.811786,
5594,https://www.fincaraiz.com.co/proyectos/paseo-de-sevilla/5311768,2024-11-10 14:51:00.814205,
5595,https://www.fincaraiz.com.co/proyectos/reserva-de-la-26/10097276,2024-11-10 14:51:00.816329,
5596,https://www.fincaraiz.com.co/proyectos/reserva-de-granada-6/6914894,2024-11-10 14:51:00.818359,
5597,https://www.fincaraiz.com.co/proyectos/la-giralda-103-a/7691941,2024-11-10 14:51:00.820821,
5598,https://www.fincaraiz.com.co/proyectos/iconik68/5275226,2024-11-10 14:51:00.822955,
5599,https://www.fincaraiz.com.co/proyectos/dual-101-house/7489907,2024-11-10 14:51:00.825073,
5600,https://www.fincaraiz.com.co/proyectos/torreladera-bosque-reservado-etapa-2/5497703,2024-11-10 14:51:00.826997,
5601,https://www.fincaraiz.com.co/proyectos/jardines-del-portal/15016717,2024-11-10 14:51:00.829132,
5602,https://www.fincaraiz.com.co/proyectos/provenza-prestige/10798208,2024-11-10 14:51:00.831092,
5603,https://www.fincaraiz.com.co/proyectos/metropoli-30/10389240,2024-11-10 14:51:00.833113,
5604,https://www.fincaraiz.com.co/proyectos/nogal/5438244,2024-11-10 14:51:00.835043,
5605,https://www.fincaraiz.com.co/proyectos/orquidea/6382440,2024-11-10 14:51:00.837212,
5606,https://www.fincaraiz.com.co/proyectos/proyecto-finca-test/15016890,2024-11-10 14:51:00.839005,
6762,https://www.fincaraiz.com.co/proyectos/urbania-bio/6596924,2024-11-10 14:50:51.903823,
6763,https://www.fincaraiz.com.co/proyectos/la-isla/6513127,2024-11-10 14:50:51.907022,
6764,https://www.fincaraiz.com.co/proyectos/cedro/6516084,2024-11-10 14:50:51.909780,
6765,https://www.fincaraiz.com.co/proyectos/primavera/7425177,2024-11-10 14:50:51.912446,
6766,https://www.fincaraiz.com.co/proyectos/calabria/7958693,2024-11-10 14:50:51.914631,
6767,https://www.fincaraiz.com.co/proyectos/mistral-cuatro-vientos/5785654,2024-11-10 14:50:51.916612,
6768,https://www.fincaraiz.com.co/proyectos/paseo-del-parque/6903734,2024-11-10 14:50:51.918635,
6769,https://www.fincaraiz.com.co/proyectos/alicante/10230770,2024-11-10 14:50:51.921036,
6770,https://www.fincaraiz.com.co/proyectos/la-terra-alsacia-reservado/5311305,2024-11-10 14:50:51.923052,
6771,https://www.fincaraiz.com.co/proyectos/bosques-de-guaymaral-verdania/10229338,2024-11-10 14:50:51.925117,
6772,https://www.fincaraiz.com.co/proyectos/caney-reservado/5772437,2024-11-10 14:50:51.927485,
6773,https://www.fincaraiz.com.co/proyectos/zuri-zentral/10183150,2024-11-10 14:50:51.929602,
6774,https://www.fincaraiz.com.co/proyectos/cerezo/6382051,2024-11-10 14:50:51.931532,
6775,https://www.fincaraiz.com.co/proyectos/aralia-de-castilla/1530277,2024-11-10 14:50:51.933260,
6776,https://www.fincaraiz.com.co/proyectos/view-63/4315999,2024-11-10 14:50:51.935290,
6777,https://www.fincaraiz.com.co/proyectos/edificio-kuu/7884966,2024-11-10 14:50:51.937510,
6778,https://www.fincaraiz.com.co/proyectos/florecer/7926017,2024-11-10 14:50:51.939457,
6779,https://www.fincaraiz.com.co/proyectos/vivopark/10481109,2024-11-10 14:50:51.941241,
6780,https://www.fincaraiz.com.co/proyectos/eskala/10729226,2024-11-10 14:50:51.943004,
7236,https://www.fincaraiz.com.co/apartamento-en-venta/191411348,2024-11-10 16:28:46.658804,
7488,https://www.fincaraiz.com.co/apartamento-en-venta/10873022,2024-11-10 15:12:26.832992,
7502,https://www.fincaraiz.com.co/apartamento-en-venta/11015119,2024-11-10 15:13:23.100989,
7522,https://www.fincaraiz.com.co/apartamento-en-venta/191286177,2024-11-10 15:09:34.604083,
7545,https://www.fincaraiz.com.co/apartamento-en-venta/10743980,2024-11-10 15:06:54.147389,
7705,https://www.fincaraiz.com.co/apartamento-en-venta/10799725,2024-11-10 15:18:23.484831,
7882,https://www.fincaraiz.com.co/apartamento-en-venta/10263431,2024-11-10 15:51:53.119512,
7895,https://www.fincaraiz.com.co/apartamento-en-venta/10482900,2024-11-10 15:51:53.147578,
7909,https://www.fincaraiz.com.co/apartamento-en-venta/10249849,2024-11-10 15:46:17.879346,
7935,https://www.fincaraiz.com.co/apartamento-en-venta/10810077,2024-11-10 15:44:54.866788,
7946,https://www.fincaraiz.com.co/apartamento-en-venta/191588416,2024-11-10 15:45:00.141346,
7971,https://www.fincaraiz.com.co/apartamento-en-venta/191563218,2024-11-10 15:46:02.365397,
8026,https://www.fincaraiz.com.co/apartamento-en-venta/191599504,2024-11-10 15:54:40.615669,
8084,https://www.fincaraiz.com.co/apartamento-en-venta/191385375,2024-11-10 16:25:57.223037,
8087,https://www.fincaraiz.com.co/apartamento-en-venta/1341647,2024-11-10 16:23:05.668996,
8102,https://www.fincaraiz.com.co/apartamento-en-venta/10985694,2024-11-10 16:23:05.695521,
8187,https://www.fincaraiz.com.co/apartamento-en-venta/11025630,2024-11-10 15:09:34.408301,
8347,https://www.fincaraiz.com.co/apartamento-en-venta/191599472,2024-11-10 15:10:28.801828,
8468,https://www.fincaraiz.com.co/apartamento-en-venta/191598128,2024-11-10 15:52:39.112066,
8603,https://www.fincaraiz.com.co/apartamento-en-venta/11041895,2024-11-10 15:46:57.308620,
8605,https://www.fincaraiz.com.co/apartamento-en-venta-bogota/6983949,2024-11-10 15:46:57.312839,
8606,https://www.fincaraiz.com.co/apartamento-en-venta/11026526,2024-11-10 15:46:57.315418,
8607,https://www.fincaraiz.com.co/apartamento-en-venta/10910923,2024-11-10 15:46:57.317486,
8608,https://www.fincaraiz.com.co/apartamento-en-venta/10263250,2024-11-10 15:46:57.319261,
8609,https://www.fincaraiz.com.co/apartamento-en-venta/191060443,2024-11-10 15:46:57.321315,
8610,https://www.fincaraiz.com.co/apartamento-en-venta/191304929,2024-11-10 15:49:07.109683,
8611,https://www.fincaraiz.com.co/apartamento-en-venta/191303996,2024-11-10 15:49:07.112750,
8612,https://www.fincaraiz.com.co/apartamento-en-venta/10445574,2024-11-10 15:49:07.115080,
8613,https://www.fincaraiz.com.co/apartamento-en-venta/10873177,2024-11-10 15:49:07.117438,
8614,https://www.fincaraiz.com.co/apartamento-en-venta/11025312,2024-11-10 15:49:07.119828,
8615,https://www.fincaraiz.com.co/apartamento-en-venta/10727403,2024-11-10 15:49:07.121966,
8616,https://www.fincaraiz.com.co/apartamento-en-venta/10861196,2024-11-10 15:49:07.124033,
8617,https://www.fincaraiz.com.co/apartamento-en-venta/191411895,2024-11-10 15:49:07.126141,
8618,https://www.fincaraiz.com.co/apartamento-en-venta/191267917,2024-11-10 15:49:07.128509,
8619,https://www.fincaraiz.com.co/apartamento-en-venta/11026300,2024-11-10 15:49:07.130665,
8620,https://www.fincaraiz.com.co/apartamento-en-venta/191463429,2024-11-10 15:49:07.133176,
8621,https://www.fincaraiz.com.co/apartamento-en-venta/10600370,2024-11-10 15:49:07.135795,
8622,https://www.fincaraiz.com.co/apartamento-en-venta/11026113,2024-11-10 15:49:07.138148,
8623,https://www.fincaraiz.com.co/apartamento-en-venta/191610253,2024-11-10 15:49:07.140581,
8624,https://www.fincaraiz.com.co/apartamento-en-venta/191405480,2024-11-10 15:49:07.142850,
8625,https://www.fincaraiz.com.co/apartamento-en-venta/191541234,2024-11-10 15:49:07.144811,
8626,https://www.fincaraiz.com.co/apartamento-en-venta/191254018,2024-11-10 15:49:07.146780,
8627,https://www.fincaraiz.com.co/apartamento-en-venta/11024416,2024-11-10 15:49:07.148631,
8628,https://www.fincaraiz.com.co/apartamento-en-venta/11026487,2024-11-10 15:49:07.150656,
8629,https://www.fincaraiz.com.co/apartamento-en-venta/191364436,2024-11-10 15:49:07.152790,
8630,https://www.fincaraiz.com.co/apartamento-en-venta/10947235,2024-11-10 15:49:07.154580,
8631,https://www.fincaraiz.com.co/apartamento-en-venta/191282147,2024-11-10 16:25:53.942096,
8632,https://www.fincaraiz.com.co/apartamento-en-venta/11065820,2024-11-10 16:25:53.944799,
8633,https://www.fincaraiz.com.co/apartamento-en-venta/10936746,2024-11-10 16:25:53.946624,
8634,https://www.fincaraiz.com.co/apartamento-en-venta/10259827,2024-11-10 16:25:53.948409,
8635,https://www.fincaraiz.com.co/apartamento-en-venta/7557459,2024-11-10 16:25:53.950638,
8636,https://www.fincaraiz.com.co/apartamento-en-venta/11104891,2024-11-10 16:25:53.953116,
8637,https://www.fincaraiz.com.co/apartamento-en-venta/191426958,2024-11-10 16:25:53.954977,
8638,https://www.fincaraiz.com.co/apartamento-en-venta/10651563,2024-11-10 16:25:53.956667,
8639,https://www.fincaraiz.com.co/apartamento-en-venta/10707791,2024-11-10 16:25:53.958685,
8640,https://www.fincaraiz.com.co/apartamento-en-venta/10556926,2024-11-10 16:25:53.960477,
8641,https://www.fincaraiz.com.co/apartamento-en-venta/7892799,2024-11-10 16:25:53.962056,
8642,https://www.fincaraiz.com.co/apartamento-en-venta/191587856,2024-11-10 16:25:53.963599,
8643,https://www.fincaraiz.com.co/apartamento-en-venta/191436961,2024-11-10 16:25:53.965094,
8644,https://www.fincaraiz.com.co/apartamento-en-venta/10373960,2024-11-10 16:25:53.966968,
8645,https://www.fincaraiz.com.co/apartamento-en-venta/191400883,2024-11-10 16:25:53.968768,
8646,https://www.fincaraiz.com.co/apartamento-en-venta/191404650,2024-11-10 16:25:53.970315,
8647,https://www.fincaraiz.com.co/apartamento-en-venta/10892204,2024-11-10 16:25:53.971854,
8648,https://www.fincaraiz.com.co/apartamento-en-venta/10883851,2024-11-10 16:25:53.973440,
8649,https://www.fincaraiz.com.co/apartamento-en-venta/191269225,2024-11-10 16:25:53.975432,
8650,https://www.fincaraiz.com.co/apartamento-en-venta/7584613,2024-11-10 16:25:53.977433,
8651,https://www.fincaraiz.com.co/apartamento-en-venta/10689516,2024-11-10 16:25:53.979385,
8652,https://www.fincaraiz.com.co/apartamento-en-venta/10875154,2024-11-10 15:55:54.457211,
8653,https://www.fincaraiz.com.co/apartamento-en-venta/11025745,2024-11-10 15:55:54.460598,
8654,https://www.fincaraiz.com.co/apartamento-en-venta/11104500,2024-11-10 15:55:54.463409,
8655,https://www.fincaraiz.com.co/apartamento-en-venta/10860854,2024-11-10 15:55:54.466372,
8656,https://www.fincaraiz.com.co/apartamento-en-venta-bogota-usaquen/6317479,2024-11-10 15:55:54.468931,
8657,https://www.fincaraiz.com.co/apartamento-en-venta/191449701,2024-11-10 15:55:54.471274,
8658,https://www.fincaraiz.com.co/apartamento-en-venta/191473263,2024-11-10 15:55:54.473723,
8659,https://www.fincaraiz.com.co/apartamento-en-venta/191363856,2024-11-10 15:55:54.476200,
8660,https://www.fincaraiz.com.co/apartamento-en-venta/191267034,2024-11-10 15:55:54.478258,
8661,https://www.fincaraiz.com.co/apartamento-en-venta/191510425,2024-11-10 15:55:54.479861,
8662,https://www.fincaraiz.com.co/apartamento-en-venta/191301395,2024-11-10 15:55:54.481431,
8663,https://www.fincaraiz.com.co/apartamento-en-venta/191558842,2024-11-10 15:55:54.483022,
8664,https://www.fincaraiz.com.co/apartamento-en-venta/191296601,2024-11-10 15:55:54.484893,
8665,https://www.fincaraiz.com.co/apartamento-en-venta/191287007,2024-11-10 15:55:54.486707,
8666,https://www.fincaraiz.com.co/apartamento-en-venta/191412036,2024-11-10 15:55:54.488906,
8667,https://www.fincaraiz.com.co/apartamento-en-venta/7937113,2024-11-10 15:55:54.490894,
8668,https://www.fincaraiz.com.co/apartamento-en-venta/191284683,2024-11-10 15:55:54.492794,
8669,https://www.fincaraiz.com.co/apartamento-en-venta/11111396,2024-11-10 15:55:54.495072,
8670,https://www.fincaraiz.com.co/apartamento-en-venta/11091127,2024-11-10 15:55:54.496982,
8671,https://www.fincaraiz.com.co/apartamento-en-venta/191630877,2024-11-10 15:55:54.498747,
8672,https://www.fincaraiz.com.co/apartamento-en-venta/10445553,2024-11-10 15:55:54.500579,
8673,https://www.fincaraiz.com.co/apartamento-en-venta/10255456,2024-11-10 16:28:02.618133,
8674,https://www.fincaraiz.com.co/apartamento-en-venta/10842519,2024-11-10 16:28:02.620144,
8675,https://www.fincaraiz.com.co/apartamento-en-venta/191338563,2024-11-10 16:28:02.621785,
8676,https://www.fincaraiz.com.co/apartamento-en-venta/191524221,2024-11-10 16:28:02.623586,
8677,https://www.fincaraiz.com.co/apartamento-en-venta/191576844,2024-11-10 16:28:02.625910,
8678,https://www.fincaraiz.com.co/apartamento-en-venta/191583610,2024-11-10 16:28:02.627875,
8679,https://www.fincaraiz.com.co/apartamento-en-venta-bogota/7420292,2024-11-10 16:28:02.629893,
8680,https://www.fincaraiz.com.co/apartamento-en-venta/191550918,2024-11-10 16:28:02.631697,
8681,https://www.fincaraiz.com.co/apartamento-en-venta/10871477,2024-11-10 16:28:02.633550,
8682,https://www.fincaraiz.com.co/apartamento-en-venta/8019652,2024-11-10 16:28:02.635562,
8683,https://www.fincaraiz.com.co/apartamento-en-venta/191403880,2024-11-10 16:28:02.637324,
8684,https://www.fincaraiz.com.co/apartamento-en-venta/191447636,2024-11-10 16:28:02.639000,
8685,https://www.fincaraiz.com.co/apartamento-en-venta-bogota-chapinero-central/7469543,2024-11-10 16:28:02.641076,
8686,https://www.fincaraiz.com.co/apartamento-en-venta/191657695,2024-11-10 16:28:02.642984,
8687,https://www.fincaraiz.com.co/apartamento-en-venta/10992814,2024-11-10 16:28:02.644776,
8688,https://www.fincaraiz.com.co/apartamento-en-venta/191593957,2024-11-10 16:28:02.646473,
8689,https://www.fincaraiz.com.co/apartamento-en-venta/191359802,2024-11-10 16:28:02.648206,
8690,https://www.fincaraiz.com.co/apartamento-en-venta/11112272,2024-11-10 16:28:02.650096,
8691,https://www.fincaraiz.com.co/apartamento-en-venta-bogota-barrancas/6858661,2024-11-10 16:28:02.651722,
8692,https://www.fincaraiz.com.co/apartamento-en-venta/7849778,2024-11-10 16:28:02.653303,
8693,https://www.fincaraiz.com.co/apartamento-en-venta/10936419,2024-11-10 16:28:02.655031,
8694,https://www.fincaraiz.com.co/apartamento-en-venta/10998262,2024-11-10 16:27:11.652704,
8695,https://www.fincaraiz.com.co/apartamento-en-venta/191610694,2024-11-10 16:27:11.654725,
8696,https://www.fincaraiz.com.co/apartamento-en-venta/191437968,2024-11-10 16:27:11.656373,
8697,https://www.fincaraiz.com.co/apartamento-en-venta/10508070,2024-11-10 16:27:11.658265,
8698,https://www.fincaraiz.com.co/apartamento-en-venta/191626138,2024-11-10 16:27:11.660003,
8699,https://www.fincaraiz.com.co/apartamento-en-venta/10740854,2024-11-10 16:27:11.661688,
8700,https://www.fincaraiz.com.co/apartamento-en-venta/191622498,2024-11-10 16:27:11.663284,
8701,https://www.fincaraiz.com.co/apartamento-en-venta/11033998,2024-11-10 16:27:11.664960,
8702,https://www.fincaraiz.com.co/apartamento-en-venta/10766936,2024-11-10 16:27:11.666614,
8703,https://www.fincaraiz.com.co/apartamento-en-venta/191347738,2024-11-10 16:27:11.668183,
8704,https://www.fincaraiz.com.co/apartamento-en-venta/191476905,2024-11-10 16:27:11.669969,
8705,https://www.fincaraiz.com.co/apartamento-en-venta/7947022,2024-11-10 16:27:11.671644,
8706,https://www.fincaraiz.com.co/apartamento-en-venta/191595671,2024-11-10 16:27:11.673350,
8707,https://www.fincaraiz.com.co/apartamento-en-venta/191162554,2024-11-10 16:27:11.675325,
8708,https://www.fincaraiz.com.co/apartamento-en-venta/191661074,2024-11-10 16:27:11.676893,
8709,https://www.fincaraiz.com.co/apartamento-en-venta/191491462,2024-11-10 16:27:11.678460,
8710,https://www.fincaraiz.com.co/apartamento-en-venta/191273570,2024-11-10 16:27:11.680034,
8711,https://www.fincaraiz.com.co/apartamento-en-venta/191411760,2024-11-10 16:27:11.681817,
8712,https://www.fincaraiz.com.co/apartamento-en-venta/191578998,2024-11-10 16:27:11.683565,
8713,https://www.fincaraiz.com.co/apartamento-en-venta/10804441,2024-11-10 16:27:11.685255,
8714,https://www.fincaraiz.com.co/apartamento-en-venta/191505148,2024-11-10 16:27:11.686891,
8715,https://www.fincaraiz.com.co/apartamento-en-venta/191584154,2024-11-10 15:53:50.308330,
8716,https://www.fincaraiz.com.co/apartamento-en-venta/191297790,2024-11-10 15:53:50.311293,
8717,https://www.fincaraiz.com.co/apartamento-en-venta/191621956,2024-11-10 15:53:50.313468,
8718,https://www.fincaraiz.com.co/apartamento-en-venta/10814950,2024-11-10 15:53:50.315667,
8719,https://www.fincaraiz.com.co/apartamento-en-venta/191285858,2024-11-10 15:53:50.317621,
8720,https://www.fincaraiz.com.co/apartamento-en-venta/191307715,2024-11-10 15:53:50.319769,
8721,https://www.fincaraiz.com.co/apartamento-en-venta/191592508,2024-11-10 15:53:50.322104,
8722,https://www.fincaraiz.com.co/apartamento-en-venta/10359452,2024-11-10 15:53:50.323980,
8723,https://www.fincaraiz.com.co/apartamento-en-venta-bogota-chapinero/7060913,2024-11-10 15:53:50.325872,
8724,https://www.fincaraiz.com.co/apartamento-en-venta/191514706,2024-11-10 15:53:50.327881,
8725,https://www.fincaraiz.com.co/apartamento-en-venta/191402710,2024-11-10 15:53:50.329745,
8726,https://www.fincaraiz.com.co/apartamento-en-venta/191377269,2024-11-10 15:53:50.332078,
8727,https://www.fincaraiz.com.co/apartamento-en-venta/191570950,2024-11-10 15:53:50.333951,
8728,https://www.fincaraiz.com.co/apartamento-en-venta/10873340,2024-11-10 15:53:50.336092,
8729,https://www.fincaraiz.com.co/apartamento-en-venta/10798145,2024-11-10 15:53:50.337949,
8730,https://www.fincaraiz.com.co/apartamento-en-venta/191285824,2024-11-10 15:53:50.339893,
8731,https://www.fincaraiz.com.co/apartamento-en-venta/10835092,2024-11-10 15:53:50.341962,
8732,https://www.fincaraiz.com.co/apartamento-en-venta/191411611,2024-11-10 15:53:50.344023,
8733,https://www.fincaraiz.com.co/apartamento-en-venta/191663047,2024-11-10 15:53:50.346335,
8734,https://www.fincaraiz.com.co/apartamento-en-venta/191578289,2024-11-10 15:53:50.348344,
8735,https://www.fincaraiz.com.co/apartamento-en-venta/10924251,2024-11-10 15:53:50.350599,
8736,https://www.fincaraiz.com.co/apartamento-en-venta/191633774,2024-11-10 15:08:09.827951,
8737,https://www.fincaraiz.com.co/apartamento-en-venta/191299273,2024-11-10 15:08:09.830596,
8738,https://www.fincaraiz.com.co/apartamento-en-venta/191473063,2024-11-10 15:08:09.832689,
8739,https://www.fincaraiz.com.co/apartamento-en-venta/10799788,2024-11-10 15:08:09.835273,
8740,https://www.fincaraiz.com.co/apartamento-en-venta/191495508,2024-11-10 15:08:09.837356,
8741,https://www.fincaraiz.com.co/apartamento-en-venta/11026296,2024-11-10 15:08:09.839633,
8742,https://www.fincaraiz.com.co/apartamento-en-venta/10743146,2024-11-10 15:08:09.842187,
8743,https://www.fincaraiz.com.co/apartamento-en-venta/191284926,2024-11-10 15:08:09.844418,
8744,https://www.fincaraiz.com.co/apartamento-en-venta/11025747,2024-11-10 15:08:09.846593,
8745,https://www.fincaraiz.com.co/apartamento-en-venta/11026193,2024-11-10 15:08:09.849103,
8746,https://www.fincaraiz.com.co/apartamento-en-venta/191596499,2024-11-10 15:08:09.852559,
8747,https://www.fincaraiz.com.co/apartamento-en-venta/10585508,2024-11-10 15:08:09.855847,
8748,https://www.fincaraiz.com.co/apartamento-en-venta/10660115,2024-11-10 15:08:09.858404,
8749,https://www.fincaraiz.com.co/apartamento-en-venta/191622213,2024-11-10 15:08:09.860664,
8750,https://www.fincaraiz.com.co/apartamento-en-venta/11026425,2024-11-10 15:08:09.862733,
8751,https://www.fincaraiz.com.co/apartamento-en-venta/10249825,2024-11-10 15:08:09.864827,
8752,https://www.fincaraiz.com.co/apartamento-en-venta/191588417,2024-11-10 15:08:09.866901,
8753,https://www.fincaraiz.com.co/apartamento-en-venta/191544552,2024-11-10 15:08:09.868974,
8754,https://www.fincaraiz.com.co/apartamento-en-venta/11071784,2024-11-10 15:08:09.870812,
8755,https://www.fincaraiz.com.co/apartamento-en-venta-bogota-usaquen/6614715,2024-11-10 15:08:09.872634,
8756,https://www.fincaraiz.com.co/apartamento-en-venta/11021715,2024-11-10 15:08:09.874481,
8757,https://www.fincaraiz.com.co/apartamento-en-venta/191428967,2024-11-10 15:16:50.163283,
8758,https://www.fincaraiz.com.co/apartamento-en-venta/191353521,2024-11-10 15:16:50.166237,
8759,https://www.fincaraiz.com.co/apartamento-en-venta/191383061,2024-11-10 15:16:50.168690,
8762,https://www.fincaraiz.com.co/apartamento-en-venta/10983339,2024-11-10 15:16:50.175615,
8764,https://www.fincaraiz.com.co/apartamento-en-venta/11016304,2024-11-10 15:16:50.180348,
8766,https://www.fincaraiz.com.co/apartamento-en-venta/10974631,2024-11-10 15:16:50.184938,
8768,https://www.fincaraiz.com.co/apartamento-en-venta/191635007,2024-11-10 15:16:50.189516,
8769,https://www.fincaraiz.com.co/apartamento-en-venta/10964835,2024-11-10 15:16:50.191599,
8774,https://www.fincaraiz.com.co/apartamento-en-venta/191481708,2024-11-10 15:16:50.201620,
8775,https://www.fincaraiz.com.co/apartamento-en-venta/10697629,2024-11-10 15:16:50.203390,
8776,https://www.fincaraiz.com.co/apartamento-en-venta/191539279,2024-11-10 15:16:50.205342,
8778,https://www.fincaraiz.com.co/apartamento-en-venta/191284820,2024-11-10 15:10:08.545007,
8779,https://www.fincaraiz.com.co/apartamento-en-venta/191463371,2024-11-10 15:10:08.547774,
8780,https://www.fincaraiz.com.co/apartamento-en-venta/191449850,2024-11-10 15:10:08.550268,
8781,https://www.fincaraiz.com.co/apartamento-en-venta/191569015,2024-11-10 15:10:08.552576,
8782,https://www.fincaraiz.com.co/apartamento-en-venta/191518272,2024-11-10 15:10:08.554992,
8783,https://www.fincaraiz.com.co/apartamento-en-venta/10928550,2024-11-10 15:10:08.557770,
8784,https://www.fincaraiz.com.co/apartamento-en-venta/191450119,2024-11-10 15:10:08.560345,
8785,https://www.fincaraiz.com.co/apartamento-en-venta/10625148,2024-11-10 15:10:08.562648,
8786,https://www.fincaraiz.com.co/apartamento-en-venta/11026768,2024-11-10 15:10:08.564895,
8787,https://www.fincaraiz.com.co/apartamento-en-venta/191493355,2024-11-10 15:10:08.567469,
8788,https://www.fincaraiz.com.co/apartamento-en-venta/191364668,2024-11-10 15:10:08.569756,
8789,https://www.fincaraiz.com.co/apartamento-en-venta/10446832,2024-11-10 15:10:08.572082,
8790,https://www.fincaraiz.com.co/apartamento-en-venta/10459874,2024-11-10 15:10:08.574342,
8791,https://www.fincaraiz.com.co/apartamento-en-venta/191570732,2024-11-10 15:10:08.576364,
8792,https://www.fincaraiz.com.co/apartamento-en-venta/191578340,2024-11-10 15:10:08.578536,
8793,https://www.fincaraiz.com.co/apartamento-en-venta/191286475,2024-11-10 15:10:08.580734,
8794,https://www.fincaraiz.com.co/apartamento-en-venta/191284427,2024-11-10 15:10:08.583242,
8795,https://www.fincaraiz.com.co/apartamento-en-venta/191417495,2024-11-10 15:10:08.585425,
8796,https://www.fincaraiz.com.co/apartamento-en-venta/191419757,2024-11-10 15:10:08.587853,
8797,https://www.fincaraiz.com.co/apartamento-en-venta/10799722,2024-11-10 15:10:08.590180,
8798,https://www.fincaraiz.com.co/apartamento-en-venta/11025974,2024-11-10 15:10:08.592328,
8799,https://www.fincaraiz.com.co/apartamento-en-venta/10743158,2024-11-10 15:13:17.946781,
8800,https://www.fincaraiz.com.co/apartamento-en-venta/11050390,2024-11-10 15:13:17.951392,
8801,https://www.fincaraiz.com.co/apartamento-en-venta/191633470,2024-11-10 15:13:17.954017,
8802,https://www.fincaraiz.com.co/apartamento-en-venta/191330523,2024-11-10 15:13:17.955866,
8803,https://www.fincaraiz.com.co/apartamento-en-venta/191585440,2024-11-10 15:13:17.957743,
8804,https://www.fincaraiz.com.co/apartamento-en-venta/191296447,2024-11-10 15:13:17.959669,
8805,https://www.fincaraiz.com.co/apartamento-en-venta/10793970,2024-11-10 15:13:17.961697,
8806,https://www.fincaraiz.com.co/apartamento-en-venta/11025890,2024-11-10 15:13:17.963961,
8807,https://www.fincaraiz.com.co/apartamento-en-venta/11025622,2024-11-10 15:13:17.966083,
8808,https://www.fincaraiz.com.co/apartamento-en-venta/191610795,2024-11-10 15:13:17.967781,
8809,https://www.fincaraiz.com.co/apartamento-en-venta/10793813,2024-11-10 15:13:17.970259,
8810,https://www.fincaraiz.com.co/apartamento-en-venta/191284581,2024-11-10 15:13:17.972605,
8811,https://www.fincaraiz.com.co/apartamento-en-venta/191297193,2024-11-10 15:13:17.974590,
8812,https://www.fincaraiz.com.co/apartamento-en-venta/10851352,2024-11-10 15:13:17.976424,
8813,https://www.fincaraiz.com.co/apartamento-en-venta/191232718,2024-11-10 15:13:17.978654,
8814,https://www.fincaraiz.com.co/apartamento-en-venta/10744108,2024-11-10 15:13:17.980988,
8815,https://www.fincaraiz.com.co/apartamento-en-venta/11025372,2024-11-10 15:13:17.983280,
8816,https://www.fincaraiz.com.co/apartamento-en-venta/191449333,2024-11-10 15:13:17.985445,
8817,https://www.fincaraiz.com.co/apartamento-en-venta/10800018,2024-11-10 15:13:17.987603,
8818,https://www.fincaraiz.com.co/apartamento-en-venta/10794377,2024-11-10 15:13:17.989492,
8819,https://www.fincaraiz.com.co/apartamento-en-venta/10661555,2024-11-10 15:13:17.991249,
8820,https://www.fincaraiz.com.co/apartamento-en-venta/191411822,2024-11-10 15:10:44.342913,
8821,https://www.fincaraiz.com.co/apartamento-en-venta/11051726,2024-11-10 15:10:44.345358,
8822,https://www.fincaraiz.com.co/apartamento-en-venta/191511626,2024-11-10 15:10:44.347983,
8823,https://www.fincaraiz.com.co/apartamento-en-venta/191286477,2024-11-10 15:10:44.350456,
8824,https://www.fincaraiz.com.co/apartamento-en-venta/191473139,2024-11-10 15:10:44.352948,
8825,https://www.fincaraiz.com.co/apartamento-en-venta/191572061,2024-11-10 15:10:44.354940,
8826,https://www.fincaraiz.com.co/apartamento-en-venta/191598010,2024-11-10 15:10:44.356997,
8827,https://www.fincaraiz.com.co/apartamento-en-venta/191240047,2024-11-10 15:10:44.360107,
8828,https://www.fincaraiz.com.co/apartamento-en-venta/10798214,2024-11-10 15:10:44.374594,
8829,https://www.fincaraiz.com.co/apartamento-en-venta/191638277,2024-11-10 15:10:44.387597,
8830,https://www.fincaraiz.com.co/apartamento-en-venta/191570254,2024-11-10 15:10:44.389775,
8831,https://www.fincaraiz.com.co/apartamento-en-venta/191572617,2024-11-10 15:10:44.391650,
8832,https://www.fincaraiz.com.co/apartamento-en-venta/10957723,2024-11-10 15:10:44.393393,
8833,https://www.fincaraiz.com.co/apartamento-en-venta/11072400,2024-11-10 15:10:44.395252,
8834,https://www.fincaraiz.com.co/apartamento-en-venta/11025533,2024-11-10 15:10:44.396975,
8835,https://www.fincaraiz.com.co/apartamento-en-venta/10669892,2024-11-10 15:10:44.399752,
8836,https://www.fincaraiz.com.co/apartamento-en-venta/191463293,2024-11-10 15:10:44.401519,
8837,https://www.fincaraiz.com.co/apartamento-en-venta/10964523,2024-11-10 15:10:44.403091,
8838,https://www.fincaraiz.com.co/apartamento-en-venta/191473056,2024-11-10 15:10:44.404711,
8839,https://www.fincaraiz.com.co/apartamento-en-venta/191649874,2024-11-10 15:10:44.407092,
8840,https://www.fincaraiz.com.co/apartamento-en-venta/11094962,2024-11-10 15:10:44.410575,
8841,https://www.fincaraiz.com.co/apartamento-en-venta/191289758,2024-11-10 14:59:44.239168,
8842,https://www.fincaraiz.com.co/apartamento-en-venta/191084219,2024-11-10 14:59:44.242377,
8843,https://www.fincaraiz.com.co/apartamento-en-venta/191587761,2024-11-10 14:59:44.245409,
8844,https://www.fincaraiz.com.co/apartamento-en-venta/10963601,2024-11-10 14:59:44.248156,
8845,https://www.fincaraiz.com.co/apartamento-en-venta/191307051,2024-11-10 14:59:44.250632,
8846,https://www.fincaraiz.com.co/apartamento-en-venta/191283281,2024-11-10 14:59:44.253418,
8847,https://www.fincaraiz.com.co/apartamento-en-venta/191178235,2024-11-10 14:59:44.255494,
8848,https://www.fincaraiz.com.co/apartamento-en-venta/10486816,2024-11-10 14:59:44.257466,
8849,https://www.fincaraiz.com.co/apartaestudio-en-venta/191336948,2024-11-10 14:59:44.259689,
8850,https://www.fincaraiz.com.co/apartamento-en-venta/191512673,2024-11-10 14:59:44.262091,
8851,https://www.fincaraiz.com.co/apartamento-en-venta/191228782,2024-11-10 14:59:44.264570,
8852,https://www.fincaraiz.com.co/apartamento-en-venta/191576074,2024-11-10 14:59:44.266947,
8853,https://www.fincaraiz.com.co/apartamento-en-venta/10913978,2024-11-10 14:59:44.269366,
8854,https://www.fincaraiz.com.co/apartamento-en-venta/191383760,2024-11-10 14:59:44.271875,
8855,https://www.fincaraiz.com.co/apartamento-en-venta/191570408,2024-11-10 14:59:44.274024,
8856,https://www.fincaraiz.com.co/apartamento-en-venta/191250800,2024-11-10 14:59:44.276232,
8857,https://www.fincaraiz.com.co/apartamento-en-venta/191565468,2024-11-10 14:59:44.278785,
8858,https://www.fincaraiz.com.co/apartamento-en-venta/10549985,2024-11-10 14:59:44.280804,
8859,https://www.fincaraiz.com.co/apartamento-en-venta/191489302,2024-11-10 14:59:44.283149,
8860,https://www.fincaraiz.com.co/apartamento-en-venta/191053045,2024-11-10 14:59:44.285510,
8861,https://www.fincaraiz.com.co/apartamento-en-venta/7449383,2024-11-10 14:59:44.287623,
8862,https://www.fincaraiz.com.co/apartamento-en-venta/191280009,2024-11-10 15:00:18.471354,
8863,https://www.fincaraiz.com.co/apartamento-en-venta/191296746,2024-11-10 15:00:18.474138,
8864,https://www.fincaraiz.com.co/apartamento-en-venta/10921871,2024-11-10 15:00:18.476902,
8865,https://www.fincaraiz.com.co/apartamento-en-venta/10818748,2024-11-10 15:00:18.479092,
8866,https://www.fincaraiz.com.co/apartamento-en-venta/191132919,2024-11-10 15:00:18.481293,
8867,https://www.fincaraiz.com.co/apartamento-en-venta/191605721,2024-11-10 15:00:18.484026,
8868,https://www.fincaraiz.com.co/apartamento-en-venta/191457513,2024-11-10 15:00:18.486172,
8869,https://www.fincaraiz.com.co/apartamento-en-venta/191545206,2024-11-10 15:00:18.488741,
8870,https://www.fincaraiz.com.co/apartamento-en-venta/10842704,2024-11-10 15:00:18.491241,
8871,https://www.fincaraiz.com.co/apartamento-en-venta/191642548,2024-11-10 15:00:18.493194,
8872,https://www.fincaraiz.com.co/apartamento-en-venta/191104234,2024-11-10 15:00:18.494865,
8873,https://www.fincaraiz.com.co/apartamento-en-venta/10881279,2024-11-10 15:00:18.496703,
8874,https://www.fincaraiz.com.co/apartamento-en-venta/10815682,2024-11-10 15:00:18.498410,
8875,https://www.fincaraiz.com.co/apartamento-en-venta/11061653,2024-11-10 15:00:18.500130,
8876,https://www.fincaraiz.com.co/apartamento-en-venta/10966075,2024-11-10 15:00:18.501798,
8877,https://www.fincaraiz.com.co/apartamento-en-venta/10945803,2024-11-10 15:00:18.503332,
8878,https://www.fincaraiz.com.co/apartamento-en-venta/10712962,2024-11-10 15:00:18.504863,
8879,https://www.fincaraiz.com.co/apartamento-en-venta/11003642,2024-11-10 15:00:18.506934,
8880,https://www.fincaraiz.com.co/apartamento-en-venta/191653056,2024-11-10 15:00:18.509402,
8881,https://www.fincaraiz.com.co/apartamento-en-venta/191353521,2024-11-10 15:00:18.511348,
8882,https://www.fincaraiz.com.co/apartamento-en-venta/191383061,2024-11-10 15:00:18.513087,
8883,https://www.fincaraiz.com.co/apartamento-en-venta/10368784,2024-11-10 15:05:53.901753,
8884,https://www.fincaraiz.com.co/apartamento-en-venta/11065010,2024-11-10 15:05:53.911671,
8885,https://www.fincaraiz.com.co/apartamento-en-venta/191607381,2024-11-10 15:05:53.915587,
8886,https://www.fincaraiz.com.co/apartamento-en-venta/191302534,2024-11-10 15:05:53.919858,
8887,https://www.fincaraiz.com.co/apartamento-en-venta/10182258,2024-11-10 15:05:53.923918,
8888,https://www.fincaraiz.com.co/apartamento-en-venta/10872431,2024-11-10 15:05:53.927406,
8889,https://www.fincaraiz.com.co/apartamento-en-venta/191653721,2024-11-10 15:05:53.929893,
8890,https://www.fincaraiz.com.co/apartamento-en-venta/191453517,2024-11-10 15:05:53.932383,
8891,https://www.fincaraiz.com.co/apartamento-en-venta/10667006,2024-11-10 15:05:53.935224,
8892,https://www.fincaraiz.com.co/apartamento-en-venta/11025954,2024-11-10 15:05:53.938167,
8893,https://www.fincaraiz.com.co/apartamento-en-venta/191466210,2024-11-10 15:05:53.940916,
8894,https://www.fincaraiz.com.co/apartamento-en-venta/191503739,2024-11-10 15:05:53.943667,
8895,https://www.fincaraiz.com.co/apartamento-en-venta/191285907,2024-11-10 15:05:53.946366,
8896,https://www.fincaraiz.com.co/apartamento-en-venta/191411783,2024-11-10 15:05:53.949296,
8897,https://www.fincaraiz.com.co/apartamento-en-venta/191560848,2024-11-10 15:05:53.952685,
8898,https://www.fincaraiz.com.co/apartamento-en-venta/11025233,2024-11-10 15:05:53.955597,
8899,https://www.fincaraiz.com.co/apartamento-en-venta/191297990,2024-11-10 15:05:53.958050,
8900,https://www.fincaraiz.com.co/apartamento-en-venta/10949916,2024-11-10 15:05:53.961285,
8901,https://www.fincaraiz.com.co/apartamento-en-venta/11026323,2024-11-10 15:05:53.963591,
8902,https://www.fincaraiz.com.co/apartamento-en-venta/191393758,2024-11-10 15:05:53.965952,
8903,https://www.fincaraiz.com.co/apartamento-en-venta/11008759,2024-11-10 15:05:53.967959,
8904,https://www.fincaraiz.com.co/apartamento-en-venta/10953042,2024-11-10 14:59:47.549286,
8905,https://www.fincaraiz.com.co/apartamento-en-venta/191494676,2024-11-10 14:59:47.551654,
8906,https://www.fincaraiz.com.co/apartamento-en-venta/191638151,2024-11-10 14:59:47.553812,
8907,https://www.fincaraiz.com.co/apartamento-en-venta/191321143,2024-11-10 14:59:47.555692,
8908,https://www.fincaraiz.com.co/apartamento-en-venta/191196508,2024-11-10 14:59:47.557601,
8909,https://www.fincaraiz.com.co/apartamento-en-venta/191642986,2024-11-10 14:59:47.559672,
8910,https://www.fincaraiz.com.co/apartamento-en-venta/2531006,2024-11-10 14:59:47.561895,
8911,https://www.fincaraiz.com.co/apartamento-en-venta/191581611,2024-11-10 14:59:47.563791,
8912,https://www.fincaraiz.com.co/apartamento-en-venta/191180047,2024-11-10 14:59:47.565639,
8913,https://www.fincaraiz.com.co/apartamento-en-venta/191535332,2024-11-10 14:59:47.567465,
8914,https://www.fincaraiz.com.co/apartamento-en-venta/191663757,2024-11-10 14:59:47.569448,
8915,https://www.fincaraiz.com.co/apartamento-en-venta/191334054,2024-11-10 14:59:47.571626,
8916,https://www.fincaraiz.com.co/apartamento-en-venta/191087986,2024-11-10 14:59:47.573374,
8917,https://www.fincaraiz.com.co/apartamento-en-venta/191385421,2024-11-10 14:59:47.575103,
8918,https://www.fincaraiz.com.co/apartamento-en-venta/191510140,2024-11-10 14:59:47.576843,
8919,https://www.fincaraiz.com.co/apartamento-en-venta/191528246,2024-11-10 14:59:47.578813,
8920,https://www.fincaraiz.com.co/apartamento-en-venta/191052504,2024-11-10 14:59:47.580701,
8921,https://www.fincaraiz.com.co/apartamento-en-venta/10312213,2024-11-10 14:59:47.582628,
8922,https://www.fincaraiz.com.co/apartamento-en-venta/191416466,2024-11-10 14:59:47.584611,
8923,https://www.fincaraiz.com.co/apartamento-en-venta/10649471,2024-11-10 14:59:47.586455,
8924,https://www.fincaraiz.com.co/apartamento-en-venta/191385044,2024-11-10 14:59:47.588373,
8925,https://www.fincaraiz.com.co/apartamento-en-venta/191341972,2024-11-10 15:01:10.142201,
8926,https://www.fincaraiz.com.co/apartamento-en-venta/191266660,2024-11-10 15:01:10.144980,
8927,https://www.fincaraiz.com.co/apartamento-en-venta/10787301,2024-11-10 15:01:10.147325,
8928,https://www.fincaraiz.com.co/apartamento-en-venta/10867161,2024-11-10 15:01:10.149299,
8929,https://www.fincaraiz.com.co/apartamento-en-venta/191463724,2024-11-10 15:01:10.151580,
8930,https://www.fincaraiz.com.co/apartamento-en-venta/7378098,2024-11-10 15:01:10.153528,
8931,https://www.fincaraiz.com.co/apartamento-en-venta/10633867,2024-11-10 15:01:10.155354,
8932,https://www.fincaraiz.com.co/apartamento-en-venta/10930817,2024-11-10 15:01:10.157178,
8933,https://www.fincaraiz.com.co/apartamento-en-venta/10849294,2024-11-10 15:01:10.159214,
8934,https://www.fincaraiz.com.co/apartamento-en-venta-bogota-santa-barbara/6545754,2024-11-10 15:01:10.161208,
8935,https://www.fincaraiz.com.co/apartamento-en-venta/10685737,2024-11-10 15:01:10.163160,
8936,https://www.fincaraiz.com.co/apartamento-en-venta/10337712,2024-11-10 15:01:10.164936,
8937,https://www.fincaraiz.com.co/apartamento-en-venta/191581291,2024-11-10 15:01:10.166724,
8938,https://www.fincaraiz.com.co/apartamento-en-venta/191532277,2024-11-10 15:01:10.168936,
8939,https://www.fincaraiz.com.co/apartamento-en-venta/191596711,2024-11-10 15:01:10.171011,
8940,https://www.fincaraiz.com.co/apartamento-en-venta/191153251,2024-11-10 15:01:10.172866,
8941,https://www.fincaraiz.com.co/apartamento-en-venta/191250796,2024-11-10 15:01:10.174968,
8946,https://www.fincaraiz.com.co/apartamento-en-venta/11040881,2024-11-10 15:14:22.326697,
8947,https://www.fincaraiz.com.co/apartamento-en-venta/191636007,2024-11-10 15:14:22.329000,
8948,https://www.fincaraiz.com.co/apartamento-en-venta/191298286,2024-11-10 15:14:22.330741,
8949,https://www.fincaraiz.com.co/apartamento-en-venta/191374644,2024-11-10 15:14:22.332671,
8950,https://www.fincaraiz.com.co/apartamento-en-venta/191419643,2024-11-10 15:14:22.334585,
8951,https://www.fincaraiz.com.co/apartamento-en-venta/191625122,2024-11-10 15:14:22.336461,
8952,https://www.fincaraiz.com.co/apartamento-en-venta/191553573,2024-11-10 15:14:22.338125,
8953,https://www.fincaraiz.com.co/apartamento-en-venta/10799561,2024-11-10 15:14:22.339789,
8954,https://www.fincaraiz.com.co/apartamento-en-venta/191475271,2024-11-10 15:14:22.341531,
8955,https://www.fincaraiz.com.co/apartamento-en-venta/11084737,2024-11-10 15:14:22.343366,
8956,https://www.fincaraiz.com.co/apartamento-en-venta/11058094,2024-11-10 15:14:22.345023,
8957,https://www.fincaraiz.com.co/apartamento-en-venta/11026259,2024-11-10 15:14:22.346740,
8958,https://www.fincaraiz.com.co/apartamento-en-venta/191304847,2024-11-10 15:14:22.348352,
8959,https://www.fincaraiz.com.co/apartamento-en-venta/11066203,2024-11-10 15:14:22.349907,
8960,https://www.fincaraiz.com.co/apartamento-en-venta/10657519,2024-11-10 15:14:22.351588,
8961,https://www.fincaraiz.com.co/apartamento-en-venta/10915324,2024-11-10 15:14:22.353246,
8962,https://www.fincaraiz.com.co/apartamento-en-venta/191662398,2024-11-10 15:14:22.355090,
8963,https://www.fincaraiz.com.co/apartamento-en-venta/11096273,2024-11-10 15:14:22.356641,
8964,https://www.fincaraiz.com.co/apartamento-en-venta/10637184,2024-11-10 15:14:22.358208,
8965,https://www.fincaraiz.com.co/apartamento-en-venta/191639288,2024-11-10 15:14:22.359941,
8966,https://www.fincaraiz.com.co/apartamento-en-venta/191297980,2024-11-10 15:14:22.361560,
8967,https://www.fincaraiz.com.co/apartamento-en-venta/191419762,2024-11-10 15:11:31.331489,
8968,https://www.fincaraiz.com.co/apartamento-en-venta/11075417,2024-11-10 15:11:31.333607,
8969,https://www.fincaraiz.com.co/apartamento-en-venta/11026163,2024-11-10 15:11:31.335784,
8970,https://www.fincaraiz.com.co/apartamento-en-venta/11026594,2024-11-10 15:11:31.337833,
8971,https://www.fincaraiz.com.co/apartamento-en-venta/191540658,2024-11-10 15:11:31.339792,
8972,https://www.fincaraiz.com.co/apartamento-en-venta/11093253,2024-11-10 15:11:31.341646,
8973,https://www.fincaraiz.com.co/apartamento-en-venta/191631959,2024-11-10 15:11:31.343621,
8974,https://www.fincaraiz.com.co/apartamento-en-venta/11025998,2024-11-10 15:11:31.345757,
8975,https://www.fincaraiz.com.co/apartamento-en-venta/191571274,2024-11-10 15:11:31.347835,
8976,https://www.fincaraiz.com.co/apartamento-en-venta/10743264,2024-11-10 15:11:31.349933,
8977,https://www.fincaraiz.com.co/apartamento-en-venta/191297710,2024-11-10 15:11:31.351632,
8978,https://www.fincaraiz.com.co/apartamento-en-venta/11026728,2024-11-10 15:11:31.353335,
8979,https://www.fincaraiz.com.co/apartamento-en-venta/191284445,2024-11-10 15:11:31.354913,
8980,https://www.fincaraiz.com.co/apartamento-en-venta/10798017,2024-11-10 15:11:31.356822,
8981,https://www.fincaraiz.com.co/apartamento-en-venta/191306163,2024-11-10 15:11:31.358874,
8982,https://www.fincaraiz.com.co/apartamento-en-venta/10364149,2024-11-10 15:11:31.361022,
8983,https://www.fincaraiz.com.co/apartamento-en-venta/11026807,2024-11-10 15:11:31.363092,
8984,https://www.fincaraiz.com.co/apartamento-en-venta/191642992,2024-11-10 15:11:31.364816,
8985,https://www.fincaraiz.com.co/apartamento-en-venta/10497875,2024-11-10 15:11:31.366740,
8986,https://www.fincaraiz.com.co/apartamento-en-venta/10841650,2024-11-10 15:11:31.368445,
8987,https://www.fincaraiz.com.co/apartamento-en-venta/10658458,2024-11-10 15:11:31.370477,
8988,https://www.fincaraiz.com.co/apartamento-en-venta/191305417,2024-11-10 15:07:39.664721,
8989,https://www.fincaraiz.com.co/apartamento-en-venta-bogota-sotileza/7794072,2024-11-10 15:07:39.667432,
8990,https://www.fincaraiz.com.co/apartamento-en-venta/191644252,2024-11-10 15:07:39.670800,
8991,https://www.fincaraiz.com.co/apartamento-en-venta/11025607,2024-11-10 15:07:39.674617,
8992,https://www.fincaraiz.com.co/apartamento-en-venta/11025613,2024-11-10 15:07:39.680751,
8993,https://www.fincaraiz.com.co/apartamento-en-venta/191581014,2024-11-10 15:07:39.683683,
8994,https://www.fincaraiz.com.co/apartamento-en-venta/11026925,2024-11-10 15:07:39.686262,
8995,https://www.fincaraiz.com.co/apartamento-en-venta/10873973,2024-11-10 15:07:39.688520,
8996,https://www.fincaraiz.com.co/apartamento-en-venta/191532230,2024-11-10 15:07:39.690348,
8997,https://www.fincaraiz.com.co/apartamento-en-venta/191631911,2024-11-10 15:07:39.692150,
8998,https://www.fincaraiz.com.co/apartamento-en-venta/191450711,2024-11-10 15:07:39.694336,
8999,https://www.fincaraiz.com.co/apartamento-en-venta/191638268,2024-11-10 15:07:39.696019,
9000,https://www.fincaraiz.com.co/apartamento-en-venta/191297705,2024-11-10 15:07:39.697570,
9001,https://www.fincaraiz.com.co/apartamento-en-venta/191591154,2024-11-10 15:07:39.699190,
9002,https://www.fincaraiz.com.co/apartamento-en-venta/191358077,2024-11-10 15:07:39.701401,
9003,https://www.fincaraiz.com.co/apartamento-en-venta/11025586,2024-11-10 15:07:39.703564,
9004,https://www.fincaraiz.com.co/apartamento-en-venta/191473184,2024-11-10 15:07:39.705573,
9005,https://www.fincaraiz.com.co/apartamento-en-venta/10743152,2024-11-10 15:07:39.707192,
9006,https://www.fincaraiz.com.co/apartamento-en-venta/10873835,2024-11-10 15:07:39.709289,
9007,https://www.fincaraiz.com.co/apartamento-en-venta/191618259,2024-11-10 15:07:39.710938,
9008,https://www.fincaraiz.com.co/apartamento-en-venta/10650749,2024-11-10 15:07:39.712690,
9009,https://www.fincaraiz.com.co/apartamento-en-venta/11025226,2024-11-10 15:09:15.675985,
9010,https://www.fincaraiz.com.co/apartamento-en-venta/191478830,2024-11-10 15:09:15.679101,
9011,https://www.fincaraiz.com.co/apartamento-en-venta/191306233,2024-11-10 15:09:15.681377,
9012,https://www.fincaraiz.com.co/apartamento-en-venta/191285834,2024-11-10 15:09:15.683977,
9013,https://www.fincaraiz.com.co/apartamento-en-venta/191383875,2024-11-10 15:09:15.686714,
9014,https://www.fincaraiz.com.co/apartamento-en-venta/11010684,2024-11-10 15:09:15.689100,
9015,https://www.fincaraiz.com.co/apartamento-en-venta/191524040,2024-11-10 15:09:15.691557,
9016,https://www.fincaraiz.com.co/apartamento-en-venta/191473318,2024-11-10 15:09:15.693761,
9017,https://www.fincaraiz.com.co/apartamento-en-venta/11025302,2024-11-10 15:09:15.696172,
9018,https://www.fincaraiz.com.co/apartamento-en-venta/191450139,2024-11-10 15:09:15.698274,
9019,https://www.fincaraiz.com.co/apartamento-en-venta/11026874,2024-11-10 15:09:15.700576,
9020,https://www.fincaraiz.com.co/apartamento-en-venta/191662297,2024-11-10 15:09:15.702595,
9021,https://www.fincaraiz.com.co/apartamento-en-venta/191494323,2024-11-10 15:09:15.704866,
9022,https://www.fincaraiz.com.co/apartamento-en-venta/191571221,2024-11-10 15:09:15.706959,
9023,https://www.fincaraiz.com.co/apartamento-en-venta/191582905,2024-11-10 15:09:15.708977,
9024,https://www.fincaraiz.com.co/apartamento-en-venta/11112106,2024-11-10 15:09:15.710813,
9025,https://www.fincaraiz.com.co/apartamento-en-venta/191284955,2024-11-10 15:09:15.712653,
9026,https://www.fincaraiz.com.co/apartamento-en-venta/10517913,2024-11-10 15:09:15.714854,
9027,https://www.fincaraiz.com.co/apartamento-en-venta/10689048,2024-11-10 15:09:15.717209,
9028,https://www.fincaraiz.com.co/apartamento-en-venta/10919301,2024-11-10 15:09:15.719123,
9029,https://www.fincaraiz.com.co/apartamento-en-venta/191469653,2024-11-10 15:09:15.721062,
9030,https://www.fincaraiz.com.co/apartamento-en-venta/191336363,2024-11-10 16:28:44.180573,
9031,https://www.fincaraiz.com.co/apartamento-en-venta/191349986,2024-11-10 16:28:44.183465,
9032,https://www.fincaraiz.com.co/apartamento-en-venta/7845139,2024-11-10 16:28:44.185596,
9033,https://www.fincaraiz.com.co/apartamento-en-venta/10612186,2024-11-10 16:28:44.188470,
9034,https://www.fincaraiz.com.co/apartamento-en-venta/191472953,2024-11-10 16:28:44.190577,
9035,https://www.fincaraiz.com.co/apartamento-en-venta/7478708,2024-11-10 16:28:44.192488,
9036,https://www.fincaraiz.com.co/apartamento-en-venta/7855779,2024-11-10 16:28:44.194607,
9037,https://www.fincaraiz.com.co/apartamento-en-venta/10885932,2024-11-10 16:28:44.196947,
9038,https://www.fincaraiz.com.co/apartamento-en-venta/191143156,2024-11-10 16:28:44.199086,
9039,https://www.fincaraiz.com.co/apartamento-en-venta/11094674,2024-11-10 16:28:44.200918,
9040,https://www.fincaraiz.com.co/apartamento-en-venta/5610774,2024-11-10 16:28:44.203450,
9041,https://www.fincaraiz.com.co/apartamento-en-venta/10869455,2024-11-10 16:28:44.205348,
9042,https://www.fincaraiz.com.co/apartamento-en-venta/191576059,2024-11-10 16:28:44.207158,
9043,https://www.fincaraiz.com.co/apartamento-en-venta/11110131,2024-11-10 16:28:44.209022,
9044,https://www.fincaraiz.com.co/apartamento-en-venta/191134106,2024-11-10 16:28:44.210842,
9045,https://www.fincaraiz.com.co/apartamento-en-venta/191381394,2024-11-10 16:28:44.212957,
9046,https://www.fincaraiz.com.co/apartamento-en-venta/191491643,2024-11-10 16:28:44.214922,
9047,https://www.fincaraiz.com.co/apartamento-en-venta/8200791,2024-11-10 16:28:44.216696,
9048,https://www.fincaraiz.com.co/apartamento-en-venta-bogota-colina-campestre/5921757,2024-11-10 16:28:44.218623,
9049,https://www.fincaraiz.com.co/apartamento-en-venta/191529932,2024-11-10 16:28:44.220885,
9050,https://www.fincaraiz.com.co/apartamento-en-venta/191412276,2024-11-10 16:28:44.222705,
9051,https://www.fincaraiz.com.co/apartamento-en-venta/191571010,2024-11-10 15:55:01.296114,
9052,https://www.fincaraiz.com.co/apartamento-en-venta/11026037,2024-11-10 15:55:01.298873,
9053,https://www.fincaraiz.com.co/apartamento-en-venta/10880545,2024-11-10 15:55:01.300881,
9054,https://www.fincaraiz.com.co/apartamento-en-venta/11045443,2024-11-10 15:55:01.302952,
9055,https://www.fincaraiz.com.co/apartamento-en-venta/191662937,2024-11-10 15:55:01.305024,
9056,https://www.fincaraiz.com.co/apartamento-en-venta/191510184,2024-11-10 15:55:01.307114,
9057,https://www.fincaraiz.com.co/apartamento-en-venta/191369973,2024-11-10 15:55:01.308973,
9058,https://www.fincaraiz.com.co/apartamento-en-venta/191286294,2024-11-10 15:55:01.311106,
9059,https://www.fincaraiz.com.co/apartamento-en-venta/191473224,2024-11-10 15:55:01.313178,
9060,https://www.fincaraiz.com.co/apartamento-en-venta/10918083,2024-11-10 15:55:01.314983,
9061,https://www.fincaraiz.com.co/apartamento-en-venta/11031497,2024-11-10 15:55:01.316689,
9062,https://www.fincaraiz.com.co/apartamento-en-venta/10605752,2024-11-10 15:55:01.318666,
9063,https://www.fincaraiz.com.co/apartamento-en-venta/191297744,2024-11-10 15:55:01.320599,
9064,https://www.fincaraiz.com.co/apartamento-en-venta/191634344,2024-11-10 15:55:01.322412,
9065,https://www.fincaraiz.com.co/apartamento-en-venta/191540478,2024-11-10 15:55:01.324265,
9066,https://www.fincaraiz.com.co/apartamento-en-venta/11025449,2024-11-10 15:55:01.326229,
9067,https://www.fincaraiz.com.co/apartamento-en-venta/191284770,2024-11-10 15:55:01.328411,
9068,https://www.fincaraiz.com.co/apartamento-en-venta/10918615,2024-11-10 15:55:01.330256,
9069,https://www.fincaraiz.com.co/apartamento-en-venta/191287777,2024-11-10 15:55:01.332040,
9070,https://www.fincaraiz.com.co/apartamento-en-venta/7266520,2024-11-10 15:55:01.333787,
9071,https://www.fincaraiz.com.co/apartamento-en-venta/191285103,2024-11-10 15:55:01.336069,
9072,https://www.fincaraiz.com.co/apartamento-en-venta/191561446,2024-11-10 15:52:02.014325,
9073,https://www.fincaraiz.com.co/apartamento-en-venta/191610274,2024-11-10 15:52:02.017877,
9074,https://www.fincaraiz.com.co/apartamento-en-venta/10793894,2024-11-10 15:52:02.020737,
9075,https://www.fincaraiz.com.co/apartamento-en-venta/10797042,2024-11-10 15:52:02.023633,
9076,https://www.fincaraiz.com.co/apartamento-en-venta/11026354,2024-11-10 15:52:02.025784,
9077,https://www.fincaraiz.com.co/apartamento-en-venta/191638109,2024-11-10 15:52:02.027732,
9078,https://www.fincaraiz.com.co/apartamento-en-venta/10685351,2024-11-10 15:52:02.029501,
9079,https://www.fincaraiz.com.co/apartamento-en-venta/10364021,2024-11-10 15:52:02.031317,
9080,https://www.fincaraiz.com.co/apartamento-en-venta/191660758,2024-11-10 15:52:02.033073,
9081,https://www.fincaraiz.com.co/apartamento-en-venta/191313673,2024-11-10 15:52:02.034774,
9082,https://www.fincaraiz.com.co/apartamento-en-venta/191328170,2024-11-10 15:52:02.036339,
9083,https://www.fincaraiz.com.co/apartamento-en-venta/6869527,2024-11-10 15:52:02.038080,
9084,https://www.fincaraiz.com.co/apartamento-en-venta/191306379,2024-11-10 15:52:02.039864,
9085,https://www.fincaraiz.com.co/apartamento-en-venta/7409212,2024-11-10 15:52:02.041568,
9086,https://www.fincaraiz.com.co/apartamento-en-venta/10727785,2024-11-10 15:52:02.043229,
9087,https://www.fincaraiz.com.co/apartamento-en-venta/10670274,2024-11-10 15:52:02.044757,
9088,https://www.fincaraiz.com.co/apartamento-en-venta/191449147,2024-11-10 15:52:02.046562,
9089,https://www.fincaraiz.com.co/apartamento-en-venta/10927651,2024-11-10 15:52:02.048621,
9090,https://www.fincaraiz.com.co/apartamento-en-venta/11026458,2024-11-10 15:52:02.050929,
9091,https://www.fincaraiz.com.co/apartamento-en-venta/11026883,2024-11-10 15:52:02.052873,
9092,https://www.fincaraiz.com.co/apartamento-en-venta/191654630,2024-11-10 15:52:02.054824,
9093,https://www.fincaraiz.com.co/apartamento-en-venta/191663112,2024-11-10 16:27:23.012404,
9094,https://www.fincaraiz.com.co/apartamento-en-venta/10683942,2024-11-10 16:27:23.015568,
9095,https://www.fincaraiz.com.co/apartamento-en-venta/191635970,2024-11-10 16:27:23.017975,
9096,https://www.fincaraiz.com.co/apartamento-en-venta/8226115,2024-11-10 16:27:23.020658,
9097,https://www.fincaraiz.com.co/apartamento-en-venta/191621995,2024-11-10 16:27:23.023330,
9098,https://www.fincaraiz.com.co/apartamento-en-venta/191633509,2024-11-10 16:27:23.025528,
9099,https://www.fincaraiz.com.co/apartamento-en-venta/191213060,2024-11-10 16:27:23.027856,
9100,https://www.fincaraiz.com.co/apartamento-en-venta/191635817,2024-11-10 16:27:23.030409,
9101,https://www.fincaraiz.com.co/apartamento-en-venta/191594136,2024-11-10 16:27:23.032637,
9102,https://www.fincaraiz.com.co/apartamento-en-venta/10821416,2024-11-10 16:27:23.034831,
9103,https://www.fincaraiz.com.co/apartamento-en-venta/191069101,2024-11-10 16:27:23.037135,
9104,https://www.fincaraiz.com.co/apartamento-en-venta/10250152,2024-11-10 16:27:23.039389,
9105,https://www.fincaraiz.com.co/apartamento-en-venta-bogota-el-plan/8193607,2024-11-10 16:27:23.042087,
9106,https://www.fincaraiz.com.co/apartamento-en-venta/191382928,2024-11-10 16:27:23.044225,
9107,https://www.fincaraiz.com.co/apartamento-en-venta/191496496,2024-11-10 16:27:23.046487,
9108,https://www.fincaraiz.com.co/apartamento-en-venta/191663360,2024-11-10 16:27:23.048678,
9109,https://www.fincaraiz.com.co/apartamento-en-venta/191435029,2024-11-10 16:27:23.050696,
9110,https://www.fincaraiz.com.co/apartamento-en-venta/191603154,2024-11-10 16:27:23.052730,
9111,https://www.fincaraiz.com.co/apartamento-en-venta/10530813,2024-11-10 16:27:23.054872,
9112,https://www.fincaraiz.com.co/apartamento-en-venta/191238154,2024-11-10 16:27:23.056822,
9113,https://www.fincaraiz.com.co/apartamento-en-venta/191446017,2024-11-10 16:27:23.058682,
9114,https://www.fincaraiz.com.co/apartamento-en-venta/191644254,2024-11-10 15:57:59.820083,
9115,https://www.fincaraiz.com.co/apartamento-en-venta/191370861,2024-11-10 15:57:59.822973,
9116,https://www.fincaraiz.com.co/apartamento-en-venta/191242251,2024-11-10 15:57:59.825421,
9117,https://www.fincaraiz.com.co/apartamento-en-venta/191297858,2024-11-10 15:57:59.827393,
9118,https://www.fincaraiz.com.co/apartamento-en-venta/191285517,2024-11-10 15:57:59.829325,
9119,https://www.fincaraiz.com.co/apartamento-en-venta/191645343,2024-11-10 15:57:59.832242,
9120,https://www.fincaraiz.com.co/apartamento-en-venta/10788464,2024-11-10 15:57:59.838858,
9121,https://www.fincaraiz.com.co/apartamento-en-venta/10874159,2024-11-10 15:57:59.845205,
9122,https://www.fincaraiz.com.co/apartamento-en-venta/191658182,2024-11-10 15:57:59.847788,
9123,https://www.fincaraiz.com.co/apartamento-en-venta/11118611,2024-11-10 15:57:59.849892,
9124,https://www.fincaraiz.com.co/apartamento-en-venta/191288163,2024-11-10 15:57:59.852297,
9125,https://www.fincaraiz.com.co/apartamento-en-venta/11049343,2024-11-10 15:57:59.854555,
9126,https://www.fincaraiz.com.co/apartamento-en-venta/11005298,2024-11-10 15:57:59.856782,
9127,https://www.fincaraiz.com.co/apartamento-en-venta/191420721,2024-11-10 15:57:59.859008,
9128,https://www.fincaraiz.com.co/apartamento-en-venta/191120321,2024-11-10 15:57:59.861117,
9129,https://www.fincaraiz.com.co/apartamento-en-venta/191570113,2024-11-10 15:57:59.863464,
9130,https://www.fincaraiz.com.co/apartamento-en-venta/10986881,2024-11-10 15:57:59.865512,
9131,https://www.fincaraiz.com.co/apartamento-en-venta/11107505,2024-11-10 15:57:59.867614,
9132,https://www.fincaraiz.com.co/apartamento-en-venta/191633936,2024-11-10 15:57:59.869686,
9133,https://www.fincaraiz.com.co/apartamento-en-venta/191306398,2024-11-10 15:57:59.871886,
9134,https://www.fincaraiz.com.co/apartamento-en-venta/10596839,2024-11-10 15:57:59.873776,
9135,https://www.fincaraiz.com.co/apartamento-en-venta/191606251,2024-11-10 15:43:54.282163,
9136,https://www.fincaraiz.com.co/apartamento-en-venta/191449948,2024-11-10 15:43:54.285242,
9137,https://www.fincaraiz.com.co/apartamento-en-venta/10808748,2024-11-10 15:43:54.287666,
9138,https://www.fincaraiz.com.co/apartamento-en-venta/191297196,2024-11-10 15:43:54.290263,
9139,https://www.fincaraiz.com.co/apartamento-en-venta/191661560,2024-11-10 15:43:54.292461,
9140,https://www.fincaraiz.com.co/apartamento-en-venta-bogota-suba-salitre/7338066,2024-11-10 15:43:54.294505,
9141,https://www.fincaraiz.com.co/apartamento-en-venta/11026643,2024-11-10 15:43:54.297255,
9142,https://www.fincaraiz.com.co/apartamento-en-venta/191297876,2024-11-10 15:43:54.299917,
9143,https://www.fincaraiz.com.co/apartamento-en-venta/191550713,2024-11-10 15:43:54.302535,
9144,https://www.fincaraiz.com.co/apartamento-en-venta/11082519,2024-11-10 15:43:54.305114,
9145,https://www.fincaraiz.com.co/apartamento-en-venta/10445608,2024-11-10 15:43:54.307500,
9146,https://www.fincaraiz.com.co/apartamento-en-venta/191530980,2024-11-10 15:43:54.309745,
9147,https://www.fincaraiz.com.co/apartamento-en-venta/191505391,2024-11-10 15:43:54.311935,
9148,https://www.fincaraiz.com.co/apartamento-en-venta/191529300,2024-11-10 15:43:54.314081,
9149,https://www.fincaraiz.com.co/apartamento-en-venta/10873861,2024-11-10 15:43:54.316214,
9150,https://www.fincaraiz.com.co/apartamento-en-venta/191663522,2024-11-10 15:43:54.318049,
9151,https://www.fincaraiz.com.co/apartamento-en-venta/11025598,2024-11-10 15:43:54.320268,
9152,https://www.fincaraiz.com.co/apartamento-en-venta/11027014,2024-11-10 15:43:54.322164,
9153,https://www.fincaraiz.com.co/apartamento-en-venta/10690446,2024-11-10 15:43:54.324085,
9154,https://www.fincaraiz.com.co/apartamento-en-venta/191578267,2024-11-10 15:43:54.326115,
9155,https://www.fincaraiz.com.co/apartamento-en-venta/10873739,2024-11-10 15:43:54.328174,
9156,https://www.fincaraiz.com.co/apartamento-en-venta/191473191,2024-11-10 15:46:57.974078,
9157,https://www.fincaraiz.com.co/apartamento-en-venta/191500746,2024-11-10 15:46:57.985369,
9158,https://www.fincaraiz.com.co/apartamento-en-venta/10667611,2024-11-10 15:46:57.989253,
9159,https://www.fincaraiz.com.co/apartamento-en-venta/191658194,2024-11-10 15:46:57.996319,
9160,https://www.fincaraiz.com.co/apartamento-en-venta/191370259,2024-11-10 15:46:58.001207,
9161,https://www.fincaraiz.com.co/apartamento-en-venta/10948007,2024-11-10 15:46:58.003259,
9162,https://www.fincaraiz.com.co/apartamento-en-venta/10915220,2024-11-10 15:46:58.005977,
9163,https://www.fincaraiz.com.co/apartamento-en-venta/191394997,2024-11-10 15:46:58.009446,
9164,https://www.fincaraiz.com.co/apartamento-en-venta/191620342,2024-11-10 15:46:58.011993,
9165,https://www.fincaraiz.com.co/apartamento-en-venta/10684519,2024-11-10 15:46:58.016828,
9166,https://www.fincaraiz.com.co/apartamento-en-venta/11002686,2024-11-10 15:46:58.019417,
9167,https://www.fincaraiz.com.co/apartamento-en-venta/191473286,2024-11-10 15:46:58.021557,
9168,https://www.fincaraiz.com.co/apartamento-en-venta/191574768,2024-11-10 15:46:58.023848,
9169,https://www.fincaraiz.com.co/apartamento-en-venta/10794400,2024-11-10 15:46:58.025879,
9170,https://www.fincaraiz.com.co/apartamento-en-venta/10575983,2024-11-10 15:46:58.028015,
9171,https://www.fincaraiz.com.co/apartamento-en-venta/191451330,2024-11-10 15:46:58.030419,
9172,https://www.fincaraiz.com.co/apartamento-en-venta/191283640,2024-11-10 15:46:58.033034,
9173,https://www.fincaraiz.com.co/apartamento-en-venta/10590614,2024-11-10 15:46:58.038025,
9174,https://www.fincaraiz.com.co/apartamento-en-venta/8145109,2024-11-10 15:46:58.042643,
9175,https://www.fincaraiz.com.co/apartamento-en-venta/10799515,2024-11-10 15:46:58.047010,
9176,https://www.fincaraiz.com.co/apartamento-en-venta/191654219,2024-11-10 15:46:58.049590,
9177,https://www.fincaraiz.com.co/apartamento-en-venta-bogota/5605501,2024-11-10 15:41:03.348470,
9178,https://www.fincaraiz.com.co/apartamento-en-venta/191284560,2024-11-10 15:41:03.351694,
9179,https://www.fincaraiz.com.co/apartamento-en-venta/191631077,2024-11-10 15:41:03.353984,
9180,https://www.fincaraiz.com.co/apartamento-en-venta/191254900,2024-11-10 15:41:03.356096,
9181,https://www.fincaraiz.com.co/apartamento-en-venta/11091461,2024-11-10 15:41:03.358327,
9182,https://www.fincaraiz.com.co/apartamento-en-venta/191419769,2024-11-10 15:41:03.360785,
9183,https://www.fincaraiz.com.co/apartamento-en-venta/10698195,2024-11-10 15:41:03.363240,
9184,https://www.fincaraiz.com.co/apartamento-en-venta/191459394,2024-11-10 15:41:03.365616,
9185,https://www.fincaraiz.com.co/apartamento-en-venta/191635125,2024-11-10 15:41:03.368129,
9186,https://www.fincaraiz.com.co/apartamento-en-venta/191298175,2024-11-10 15:41:03.370205,
9187,https://www.fincaraiz.com.co/apartamento-en-venta/191551735,2024-11-10 15:41:03.372371,
9188,https://www.fincaraiz.com.co/apartamento-en-venta/191592294,2024-11-10 15:41:03.375013,
9189,https://www.fincaraiz.com.co/apartamento-en-venta/11026614,2024-11-10 15:41:03.377504,
9190,https://www.fincaraiz.com.co/apartamento-en-venta/10793895,2024-11-10 15:41:03.380082,
9191,https://www.fincaraiz.com.co/apartamento-en-venta/10982615,2024-11-10 15:41:03.382573,
9192,https://www.fincaraiz.com.co/apartamento-en-venta/11091121,2024-11-10 15:41:03.384843,
9193,https://www.fincaraiz.com.co/apartamento-en-venta/10744074,2024-11-10 15:41:03.387074,
9194,https://www.fincaraiz.com.co/apartamento-en-venta/191285277,2024-11-10 15:41:03.389148,
9195,https://www.fincaraiz.com.co/apartamento-en-venta/10805683,2024-11-10 15:41:03.391436,
9196,https://www.fincaraiz.com.co/apartamento-en-venta/191479824,2024-11-10 15:41:03.393696,
9197,https://www.fincaraiz.com.co/apartamento-en-venta-bogota-usme/6676182,2024-11-10 15:41:03.395409,
9198,https://www.fincaraiz.com.co/apartamento-en-venta/11028649,2024-11-10 15:40:48.443647,
9199,https://www.fincaraiz.com.co/apartamento-en-venta/191644662,2024-11-10 15:40:48.446434,
9200,https://www.fincaraiz.com.co/apartamento-en-venta/10931083,2024-11-10 15:40:48.448693,
9201,https://www.fincaraiz.com.co/apartamento-en-venta/191597150,2024-11-10 15:40:48.450704,
9202,https://www.fincaraiz.com.co/apartamento-en-venta/10255937,2024-11-10 15:40:48.452884,
9203,https://www.fincaraiz.com.co/apartamento-en-venta/191120655,2024-11-10 15:40:48.454831,
9204,https://www.fincaraiz.com.co/apartamento-en-venta/10964901,2024-11-10 15:40:48.457345,
9205,https://www.fincaraiz.com.co/apartamento-en-venta/10261997,2024-11-10 15:40:48.460279,
9206,https://www.fincaraiz.com.co/apartamento-en-venta/191630935,2024-11-10 15:40:48.462504,
9207,https://www.fincaraiz.com.co/apartamento-en-venta/6812420,2024-11-10 15:40:48.464920,
9208,https://www.fincaraiz.com.co/apartamento-en-venta/191449118,2024-11-10 15:40:48.467122,
9209,https://www.fincaraiz.com.co/apartamento-en-venta/10600366,2024-11-10 15:40:48.469287,
9210,https://www.fincaraiz.com.co/apartamento-en-venta/11074454,2024-11-10 15:40:48.471405,
9211,https://www.fincaraiz.com.co/apartamento-en-venta/10532094,2024-11-10 15:40:48.473240,
9212,https://www.fincaraiz.com.co/apartamento-en-venta/10531688,2024-11-10 15:40:48.475290,
9213,https://www.fincaraiz.com.co/apartamento-en-venta/191458982,2024-11-10 15:40:48.477020,
9214,https://www.fincaraiz.com.co/apartamento-en-venta/10700403,2024-11-10 15:40:48.478694,
9215,https://www.fincaraiz.com.co/apartamento-en-venta/191285379,2024-11-10 15:40:48.480564,
9216,https://www.fincaraiz.com.co/apartamento-en-venta/191607088,2024-11-10 15:40:48.482160,
9217,https://www.fincaraiz.com.co/apartamento-en-venta/191524035,2024-11-10 15:40:48.483694,
9218,https://www.fincaraiz.com.co/apartamento-en-venta/11109615,2024-11-10 15:40:48.485366,
9219,https://www.fincaraiz.com.co/apartamento-en-venta/191187763,2024-11-10 15:46:15.431182,
9220,https://www.fincaraiz.com.co/apartamento-en-venta/11025828,2024-11-10 15:46:15.433739,
9221,https://www.fincaraiz.com.co/apartamento-en-venta/10364163,2024-11-10 15:46:15.435554,
9222,https://www.fincaraiz.com.co/apartamento-en-venta/191633743,2024-11-10 15:46:15.437850,
9223,https://www.fincaraiz.com.co/apartamento-en-venta/191445245,2024-11-10 15:46:15.439861,
9224,https://www.fincaraiz.com.co/apartamento-en-venta/11057600,2024-11-10 15:46:15.441841,
9225,https://www.fincaraiz.com.co/apartamento-en-venta/191358054,2024-11-10 15:46:15.444103,
9226,https://www.fincaraiz.com.co/apartamento-en-venta/191286469,2024-11-10 15:46:15.447062,
9227,https://www.fincaraiz.com.co/apartamento-en-venta/191603263,2024-11-10 15:46:15.449130,
9228,https://www.fincaraiz.com.co/apartamento-en-venta/191286400,2024-11-10 15:46:15.451034,
9229,https://www.fincaraiz.com.co/apartamento-en-venta/191540659,2024-11-10 15:46:15.453220,
9230,https://www.fincaraiz.com.co/apartamento-en-venta/191637852,2024-11-10 15:46:15.455037,
9231,https://www.fincaraiz.com.co/apartamento-en-venta/191238541,2024-11-10 15:46:15.457327,
9232,https://www.fincaraiz.com.co/apartamento-en-venta/191657210,2024-11-10 15:46:15.459000,
9233,https://www.fincaraiz.com.co/apartamento-en-venta/191301801,2024-11-10 15:46:15.461076,
9234,https://www.fincaraiz.com.co/apartamento-en-venta/191571156,2024-11-10 15:46:15.462854,
9235,https://www.fincaraiz.com.co/apartamento-en-venta/10743965,2024-11-10 15:46:15.464850,
9236,https://www.fincaraiz.com.co/apartamento-en-venta/11025375,2024-11-10 15:46:15.466624,
9237,https://www.fincaraiz.com.co/apartamento-en-venta/11025284,2024-11-10 15:46:15.468272,
9238,https://www.fincaraiz.com.co/apartamento-en-venta/191599322,2024-11-10 15:46:15.470643,
9239,https://www.fincaraiz.com.co/apartamento-en-venta/191419724,2024-11-10 15:46:15.472579,
9240,https://www.fincaraiz.com.co/apartamento-en-venta/191667887,2024-11-10 15:44:41.084517,
9241,https://www.fincaraiz.com.co/apartamento-en-venta/191473119,2024-11-10 15:44:41.087150,
9242,https://www.fincaraiz.com.co/apartamento-en-venta/11021502,2024-11-10 15:44:41.089317,
9243,https://www.fincaraiz.com.co/apartamento-en-venta/10691168,2024-11-10 15:44:41.091738,
9244,https://www.fincaraiz.com.co/apartamento-en-venta/10299990,2024-11-10 15:44:41.093733,
9245,https://www.fincaraiz.com.co/apartamento-en-venta/11026763,2024-11-10 15:44:41.095974,
9246,https://www.fincaraiz.com.co/apartamento-en-venta/191560855,2024-11-10 15:44:41.098064,
9247,https://www.fincaraiz.com.co/apartamento-en-venta/191228908,2024-11-10 15:44:41.099985,
9248,https://www.fincaraiz.com.co/apartamento-en-venta/10667612,2024-11-10 15:44:41.101726,
9249,https://www.fincaraiz.com.co/apartamento-en-venta/191419346,2024-11-10 15:44:41.103943,
9250,https://www.fincaraiz.com.co/apartamento-en-venta/10818843,2024-11-10 15:44:41.106044,
9251,https://www.fincaraiz.com.co/apartamento-en-venta/10898718,2024-11-10 15:44:41.107912,
9252,https://www.fincaraiz.com.co/apartamento-en-venta/10783186,2024-11-10 15:44:41.109856,
9253,https://www.fincaraiz.com.co/apartamento-en-venta/11048995,2024-11-10 15:44:41.112109,
9254,https://www.fincaraiz.com.co/apartamento-en-venta/10853026,2024-11-10 15:44:41.114135,
9255,https://www.fincaraiz.com.co/apartamento-en-venta/191301980,2024-11-10 15:44:41.116210,
9256,https://www.fincaraiz.com.co/apartamento-en-venta/191252247,2024-11-10 15:44:41.118299,
9257,https://www.fincaraiz.com.co/apartamento-en-venta/10847095,2024-11-10 15:44:41.120504,
9258,https://www.fincaraiz.com.co/apartamento-en-venta/7888305,2024-11-10 15:44:41.122594,
9259,https://www.fincaraiz.com.co/apartamento-en-venta/191580977,2024-11-10 15:44:41.124636,
9260,https://www.fincaraiz.com.co/apartamento-en-venta/191239821,2024-11-10 15:44:41.126505,
9261,https://www.fincaraiz.com.co/apartamento-en-venta/11025695,2024-11-10 15:57:58.829330,
9262,https://www.fincaraiz.com.co/apartamento-en-venta/191570992,2024-11-10 15:57:58.832044,
9263,https://www.fincaraiz.com.co/apartamento-en-venta/11068490,2024-11-10 15:57:58.834790,
9264,https://www.fincaraiz.com.co/apartamento-en-venta/191306893,2024-11-10 15:57:58.836879,
9265,https://www.fincaraiz.com.co/apartamento-en-venta/10535800,2024-11-10 15:57:58.839512,
9266,https://www.fincaraiz.com.co/apartamento-en-venta/191630125,2024-11-10 15:57:58.841869,
9267,https://www.fincaraiz.com.co/apartamento-en-venta/11043708,2024-11-10 15:57:58.843766,
9268,https://www.fincaraiz.com.co/apartamento-en-venta/191559182,2024-11-10 15:57:58.845599,
9269,https://www.fincaraiz.com.co/apartamento-en-venta/191495681,2024-11-10 15:57:58.848069,
9270,https://www.fincaraiz.com.co/apartamento-en-venta/10446208,2024-11-10 15:57:58.850426,
9271,https://www.fincaraiz.com.co/apartamento-en-venta/191667893,2024-11-10 15:57:58.852852,
9272,https://www.fincaraiz.com.co/apartamento-en-venta/10619746,2024-11-10 15:57:58.855357,
9273,https://www.fincaraiz.com.co/apartamento-en-venta/191302839,2024-11-10 15:57:58.857664,
9274,https://www.fincaraiz.com.co/apartamento-en-venta/191286317,2024-11-10 15:57:58.859824,
9275,https://www.fincaraiz.com.co/apartamento-en-venta/191284818,2024-11-10 15:57:58.862162,
9276,https://www.fincaraiz.com.co/apartamento-en-venta/191284434,2024-11-10 15:57:58.864554,
9277,https://www.fincaraiz.com.co/apartamento-en-venta/10765510,2024-11-10 15:57:58.866659,
9278,https://www.fincaraiz.com.co/apartamento-en-venta/191644261,2024-11-10 15:57:58.868948,
9279,https://www.fincaraiz.com.co/apartamento-en-venta/191285351,2024-11-10 15:57:58.870764,
9280,https://www.fincaraiz.com.co/apartamento-en-venta/11020078,2024-11-10 15:57:58.873304,
9281,https://www.fincaraiz.com.co/apartamento-en-venta/191411785,2024-11-10 15:57:58.875328,
9282,https://www.fincaraiz.com.co/apartamento-en-venta/191543977,2024-11-10 15:52:04.639161,
9283,https://www.fincaraiz.com.co/apartamento-en-venta/10314668,2024-11-10 15:52:04.642793,
9284,https://www.fincaraiz.com.co/apartamento-en-venta/191606706,2024-11-10 15:52:04.645598,
9285,https://www.fincaraiz.com.co/apartamento-en-venta/191560951,2024-11-10 15:52:04.648644,
9286,https://www.fincaraiz.com.co/apartamento-en-venta/191296456,2024-11-10 15:52:04.651486,
9287,https://www.fincaraiz.com.co/apartamento-en-venta/191319351,2024-11-10 15:52:04.654020,
9288,https://www.fincaraiz.com.co/apartamento-en-venta/191450192,2024-11-10 15:52:04.656411,
9289,https://www.fincaraiz.com.co/apartamento-en-venta/191618839,2024-11-10 15:52:04.658699,
9290,https://www.fincaraiz.com.co/apartamento-en-venta/191283879,2024-11-10 15:52:04.660790,
9291,https://www.fincaraiz.com.co/apartamento-en-venta/191416067,2024-11-10 15:52:04.662766,
9292,https://www.fincaraiz.com.co/apartamento-en-venta/11025809,2024-11-10 15:52:04.664633,
9293,https://www.fincaraiz.com.co/apartamento-en-venta/191501126,2024-11-10 15:52:04.666484,
9294,https://www.fincaraiz.com.co/apartamento-en-venta/10744083,2024-11-10 15:52:04.668243,
9295,https://www.fincaraiz.com.co/apartamento-en-venta/191627042,2024-11-10 15:52:04.670007,
9296,https://www.fincaraiz.com.co/apartamento-en-venta/191560790,2024-11-10 15:52:04.671906,
9297,https://www.fincaraiz.com.co/apartamento-en-venta/10539350,2024-11-10 15:52:04.673953,
9298,https://www.fincaraiz.com.co/apartamento-en-venta/191667663,2024-11-10 15:52:04.676051,
9299,https://www.fincaraiz.com.co/apartamento-en-venta/11026919,2024-11-10 15:52:04.678549,
9300,https://www.fincaraiz.com.co/apartamento-en-venta/191524125,2024-11-10 15:52:04.680674,
9301,https://www.fincaraiz.com.co/apartamento-en-venta/11026484,2024-11-10 15:52:04.682630,
9302,https://www.fincaraiz.com.co/apartamento-en-venta/191531693,2024-11-10 15:52:04.684429,
9303,https://www.fincaraiz.com.co/apartamento-en-venta/10343301,2024-11-10 16:27:03.402951,
9304,https://www.fincaraiz.com.co/apartamento-en-venta/191385066,2024-11-10 16:27:03.405720,
9305,https://www.fincaraiz.com.co/apartamento-en-venta/191270727,2024-11-10 16:27:03.408185,
9306,https://www.fincaraiz.com.co/apartamento-en-venta/10261993,2024-11-10 16:27:03.410274,
9307,https://www.fincaraiz.com.co/apartamento-en-venta/10387811,2024-11-10 16:27:03.412362,
9308,https://www.fincaraiz.com.co/apartamento-en-venta-bogota/7637788,2024-11-10 16:27:03.414352,
9309,https://www.fincaraiz.com.co/apartamento-en-venta/191612298,2024-11-10 16:27:03.416595,
9310,https://www.fincaraiz.com.co/apartamento-en-venta/10565311,2024-11-10 16:27:03.418464,
9311,https://www.fincaraiz.com.co/apartamento-en-venta/191346632,2024-11-10 16:27:03.420535,
9312,https://www.fincaraiz.com.co/apartamento-en-venta/10592311,2024-11-10 16:27:03.422776,
9313,https://www.fincaraiz.com.co/apartamento-en-venta/10936201,2024-11-10 16:27:03.424738,
9314,https://www.fincaraiz.com.co/apartamento-en-venta/191494257,2024-11-10 16:27:03.426545,
9315,https://www.fincaraiz.com.co/apartamento-en-venta/191458940,2024-11-10 16:27:03.428326,
9316,https://www.fincaraiz.com.co/apartamento-en-venta/10873338,2024-11-10 16:27:03.430250,
9317,https://www.fincaraiz.com.co/apartamento-en-venta/191571961,2024-11-10 16:27:03.432059,
9318,https://www.fincaraiz.com.co/apartamento-en-venta/10883345,2024-11-10 16:27:03.434295,
9319,https://www.fincaraiz.com.co/apartamento-en-venta/10466527,2024-11-10 16:27:03.436238,
9320,https://www.fincaraiz.com.co/apartamento-en-venta/191226027,2024-11-10 16:27:03.437994,
9321,https://www.fincaraiz.com.co/apartamento-en-venta/191338443,2024-11-10 16:27:03.439803,
9322,https://www.fincaraiz.com.co/apartamento-en-venta/10556143,2024-11-10 16:27:03.442020,
9323,https://www.fincaraiz.com.co/apartamento-en-venta/7955247,2024-11-10 16:27:03.443984,
9324,https://www.fincaraiz.com.co/apartamento-en-venta/191281381,2024-11-10 16:28:03.789596,
9325,https://www.fincaraiz.com.co/apartamento-en-venta/11041720,2024-11-10 16:28:03.792014,
9326,https://www.fincaraiz.com.co/apartamento-en-venta/10686735,2024-11-10 16:28:03.794177,
9327,https://www.fincaraiz.com.co/apartamento-en-venta/191238409,2024-11-10 16:28:03.796379,
9328,https://www.fincaraiz.com.co/apartamento-en-venta/191289892,2024-11-10 16:28:03.798370,
9329,https://www.fincaraiz.com.co/apartamento-en-venta/191622068,2024-11-10 16:28:03.800230,
9330,https://www.fincaraiz.com.co/apartamento-en-venta/10268135,2024-11-10 16:28:03.802234,
9331,https://www.fincaraiz.com.co/apartamento-en-venta/10174336,2024-11-10 16:28:03.804181,
9332,https://www.fincaraiz.com.co/apartamento-en-venta/11062999,2024-11-10 16:28:03.806275,
9333,https://www.fincaraiz.com.co/apartamento-en-venta/191399325,2024-11-10 16:28:03.808154,
9334,https://www.fincaraiz.com.co/apartamento-en-venta/10936755,2024-11-10 16:28:03.810076,
9335,https://www.fincaraiz.com.co/apartamento-en-venta/10518035,2024-11-10 16:28:03.812211,
9336,https://www.fincaraiz.com.co/apartamento-en-venta/191263204,2024-11-10 16:28:03.814092,
9337,https://www.fincaraiz.com.co/apartamento-en-venta/191286422,2024-11-10 16:28:03.815880,
9338,https://www.fincaraiz.com.co/apartamento-en-venta/11093674,2024-11-10 16:28:03.817664,
9339,https://www.fincaraiz.com.co/apartamento-en-venta/191485141,2024-11-10 16:28:03.819761,
9340,https://www.fincaraiz.com.co/apartamento-en-venta/191658585,2024-11-10 16:28:03.821776,
9341,https://www.fincaraiz.com.co/apartamento-en-venta/191626937,2024-11-10 16:28:03.823714,
9342,https://www.fincaraiz.com.co/apartamento-en-venta/191264160,2024-11-10 16:28:03.825481,
9343,https://www.fincaraiz.com.co/apartamento-en-venta/191610109,2024-11-10 16:28:03.827411,
9344,https://www.fincaraiz.com.co/apartamento-en-venta/191609841,2024-11-10 16:28:03.829278,
9345,https://www.fincaraiz.com.co/apartamento-en-venta/191465520,2024-11-10 15:54:53.632490,
9346,https://www.fincaraiz.com.co/apartamento-en-venta/191195717,2024-11-10 15:54:53.636297,
9347,https://www.fincaraiz.com.co/apartamento-en-venta/191297953,2024-11-10 15:54:53.639086,
9348,https://www.fincaraiz.com.co/apartamento-en-venta/191363778,2024-11-10 15:54:53.642023,
9349,https://www.fincaraiz.com.co/apartamento-en-venta/11028391,2024-11-10 15:54:53.644398,
9350,https://www.fincaraiz.com.co/apartamento-en-venta/191599320,2024-11-10 15:54:53.646677,
9351,https://www.fincaraiz.com.co/apartamento-en-venta/7218923,2024-11-10 15:54:53.649160,
9352,https://www.fincaraiz.com.co/apartamento-en-venta/191415154,2024-11-10 15:54:53.651569,
9353,https://www.fincaraiz.com.co/apartamento-en-venta/10385942,2024-11-10 15:54:53.654341,
9354,https://www.fincaraiz.com.co/apartamento-en-venta/191411784,2024-11-10 15:54:53.663012,
9355,https://www.fincaraiz.com.co/apartamento-en-venta/191302541,2024-11-10 15:54:53.665293,
9356,https://www.fincaraiz.com.co/apartamento-en-venta/11026152,2024-11-10 15:54:53.667182,
9357,https://www.fincaraiz.com.co/apartamento-en-venta/10743947,2024-11-10 15:54:53.669080,
9358,https://www.fincaraiz.com.co/apartamento-en-venta/11025528,2024-11-10 15:54:53.670874,
9359,https://www.fincaraiz.com.co/apartamento-en-venta/191286999,2024-11-10 15:54:53.672676,
9360,https://www.fincaraiz.com.co/apartamento-en-venta/191449343,2024-11-10 15:54:53.674917,
9361,https://www.fincaraiz.com.co/apartamento-en-venta/191449909,2024-11-10 15:54:53.676700,
9362,https://www.fincaraiz.com.co/apartamento-en-venta/191301486,2024-11-10 15:54:53.678478,
9363,https://www.fincaraiz.com.co/apartamento-en-venta/11110905,2024-11-10 15:54:53.680565,
9364,https://www.fincaraiz.com.co/apartamento-en-venta/191478516,2024-11-10 15:54:53.682601,
9365,https://www.fincaraiz.com.co/apartamento-en-venta/191279892,2024-11-10 15:54:53.684529,
9366,https://www.fincaraiz.com.co/apartamento-en-venta/191609360,2024-11-10 15:08:28.081717,
9367,https://www.fincaraiz.com.co/apartamento-en-venta/11118041,2024-11-10 15:08:28.084093,
9368,https://www.fincaraiz.com.co/apartamento-en-venta/191323004,2024-11-10 15:08:28.086247,
9369,https://www.fincaraiz.com.co/apartamento-en-venta/10818908,2024-11-10 15:08:28.104164,
9370,https://www.fincaraiz.com.co/apartamento-en-venta/191598217,2024-11-10 15:08:28.108015,
9371,https://www.fincaraiz.com.co/apartamento-en-venta/191285455,2024-11-10 15:08:28.110684,
9372,https://www.fincaraiz.com.co/apartamento-en-venta/191658651,2024-11-10 15:08:28.112526,
9373,https://www.fincaraiz.com.co/apartamento-en-venta/191405589,2024-11-10 15:08:28.114313,
9374,https://www.fincaraiz.com.co/apartamento-en-venta/191302557,2024-11-10 15:08:28.116063,
9375,https://www.fincaraiz.com.co/apartamento-en-venta/191378132,2024-11-10 15:08:28.118255,
9376,https://www.fincaraiz.com.co/apartamento-en-venta/191605704,2024-11-10 15:08:28.120178,
9377,https://www.fincaraiz.com.co/apartamento-en-venta/191581230,2024-11-10 15:08:28.122159,
9378,https://www.fincaraiz.com.co/apartamento-en-venta/10933412,2024-11-10 15:08:28.123834,
9379,https://www.fincaraiz.com.co/apartamento-en-venta/11025873,2024-11-10 15:08:28.125848,
9380,https://www.fincaraiz.com.co/apartamento-en-venta/191644090,2024-11-10 15:08:28.127463,
9381,https://www.fincaraiz.com.co/apartamento-en-venta/191302908,2024-11-10 15:08:28.129075,
9382,https://www.fincaraiz.com.co/apartamento-en-venta/11037751,2024-11-10 15:08:28.130814,
9383,https://www.fincaraiz.com.co/apartamento-en-venta/10743992,2024-11-10 15:08:28.132578,
9384,https://www.fincaraiz.com.co/apartamento-en-venta/11025721,2024-11-10 15:08:28.134084,
9385,https://www.fincaraiz.com.co/apartamento-en-venta/10219522,2024-11-10 15:08:28.135515,
9386,https://www.fincaraiz.com.co/apartaestudio-en-venta/191560434,2024-11-10 15:08:28.137124,
9388,https://www.fincaraiz.com.co/apartamento-en-venta/10691131,2024-11-10 15:07:37.439630,
9389,https://www.fincaraiz.com.co/apartamento-en-venta/191598733,2024-11-10 15:07:37.442218,
9390,https://www.fincaraiz.com.co/apartaestudio-en-venta/191363121,2024-11-10 15:07:37.444721,
9391,https://www.fincaraiz.com.co/apartamento-en-venta/11025966,2024-11-10 15:07:37.446971,
9392,https://www.fincaraiz.com.co/apartamento-en-venta/191411518,2024-11-10 15:07:37.449155,
9393,https://www.fincaraiz.com.co/apartamento-en-venta/191473329,2024-11-10 15:07:37.451740,
9394,https://www.fincaraiz.com.co/apartamento-en-venta/191451300,2024-11-10 15:07:37.453980,
9395,https://www.fincaraiz.com.co/apartamento-en-venta/11091765,2024-11-10 15:07:37.455793,
9396,https://www.fincaraiz.com.co/apartamento-en-venta/11026488,2024-11-10 15:07:37.457524,
9397,https://www.fincaraiz.com.co/apartamento-en-venta/191299077,2024-11-10 15:07:37.459300,
9398,https://www.fincaraiz.com.co/apartamento-en-venta/191516450,2024-11-10 15:07:37.461077,
9399,https://www.fincaraiz.com.co/apartamento-en-venta/11025610,2024-11-10 15:07:37.463061,
9400,https://www.fincaraiz.com.co/apartamento-en-venta/191667693,2024-11-10 15:07:37.465000,
9401,https://www.fincaraiz.com.co/apartamento-en-venta/10482877,2024-11-10 15:07:37.466856,
9402,https://www.fincaraiz.com.co/apartamento-en-venta/191578464,2024-11-10 15:07:37.469351,
9403,https://www.fincaraiz.com.co/apartamento-en-venta/191638203,2024-11-10 15:07:37.471487,
9404,https://www.fincaraiz.com.co/apartamento-en-venta/11026814,2024-11-10 15:07:37.473533,
9405,https://www.fincaraiz.com.co/apartamento-en-venta/10975916,2024-11-10 15:07:37.475825,
9406,https://www.fincaraiz.com.co/apartamento-en-venta/10798139,2024-11-10 15:07:37.477917,
9407,https://www.fincaraiz.com.co/apartamento-en-venta/191297130,2024-11-10 15:07:37.479777,
9408,https://www.fincaraiz.com.co/apartamento-en-venta/191286992,2024-11-10 15:11:21.954807,
9409,https://www.fincaraiz.com.co/apartamento-en-venta/10923885,2024-11-10 15:11:21.957799,
9410,https://www.fincaraiz.com.co/apartamento-en-venta/191649472,2024-11-10 15:11:21.960433,
9411,https://www.fincaraiz.com.co/apartamento-en-venta/191286043,2024-11-10 15:11:21.963197,
9412,https://www.fincaraiz.com.co/apartamento-en-venta/191658211,2024-11-10 15:11:21.965414,
9413,https://www.fincaraiz.com.co/apartamento-en-venta/191570688,2024-11-10 15:11:21.967421,
9414,https://www.fincaraiz.com.co/apartamento-en-venta/10980068,2024-11-10 15:11:21.969771,
9415,https://www.fincaraiz.com.co/apartamento-en-venta/10793835,2024-11-10 15:11:21.971919,
9416,https://www.fincaraiz.com.co/apartamento-en-venta/191614643,2024-11-10 15:11:21.973983,
9417,https://www.fincaraiz.com.co/apartamento-en-venta/191653172,2024-11-10 15:11:21.976126,
9418,https://www.fincaraiz.com.co/apartamento-en-venta/191503904,2024-11-10 15:11:21.978621,
9419,https://www.fincaraiz.com.co/apartamento-en-venta/191449192,2024-11-10 15:11:21.980984,
9420,https://www.fincaraiz.com.co/apartamento-en-venta/10928945,2024-11-10 15:11:21.983359,
9421,https://www.fincaraiz.com.co/apartamento-en-venta/191286459,2024-11-10 15:11:21.985942,
9422,https://www.fincaraiz.com.co/apartamento-en-venta/191584522,2024-11-10 15:11:21.988075,
9423,https://www.fincaraiz.com.co/apartamento-en-venta/191599503,2024-11-10 15:11:21.990038,
9424,https://www.fincaraiz.com.co/apartamento-en-venta/191306279,2024-11-10 15:11:21.992090,
9425,https://www.fincaraiz.com.co/apartamento-en-venta/191592238,2024-11-10 15:11:21.994211,
9426,https://www.fincaraiz.com.co/apartamento-en-venta/11084084,2024-11-10 15:11:21.996077,
9427,https://www.fincaraiz.com.co/apartamento-en-venta/191453524,2024-11-10 15:11:21.997811,
9428,https://www.fincaraiz.com.co/apartamento-en-venta/191296207,2024-11-10 15:11:21.999663,
9429,https://www.fincaraiz.com.co/apartamento-en-venta/11025214,2024-11-10 15:13:43.314794,
9430,https://www.fincaraiz.com.co/apartamento-en-venta/10793614,2024-11-10 15:13:43.316993,
9431,https://www.fincaraiz.com.co/apartamento-en-venta/191449122,2024-11-10 15:13:43.319061,
9432,https://www.fincaraiz.com.co/apartamento-en-venta/191607889,2024-11-10 15:13:43.320911,
9433,https://www.fincaraiz.com.co/apartamento-en-venta/191284905,2024-11-10 15:13:43.322873,
9434,https://www.fincaraiz.com.co/apartamento-en-venta/191560901,2024-11-10 15:13:43.325104,
9435,https://www.fincaraiz.com.co/apartamento-en-venta/191450348,2024-11-10 15:13:43.326917,
9436,https://www.fincaraiz.com.co/apartamento-en-venta/10382276,2024-11-10 15:13:43.328507,
9437,https://www.fincaraiz.com.co/apartamento-en-venta/191598068,2024-11-10 15:13:43.330170,
9438,https://www.fincaraiz.com.co/apartamento-en-venta/191463336,2024-11-10 15:13:43.331814,
9439,https://www.fincaraiz.com.co/apartamento-en-venta/191256816,2024-11-10 15:13:43.333423,
9440,https://www.fincaraiz.com.co/apartamento-en-venta/191358053,2024-11-10 15:13:43.335490,
9441,https://www.fincaraiz.com.co/apartamento-en-venta/191536140,2024-11-10 15:13:43.337074,
9442,https://www.fincaraiz.com.co/apartamento-en-venta/191449466,2024-11-10 15:13:43.338594,
9443,https://www.fincaraiz.com.co/apartamento-en-venta/11065196,2024-11-10 15:13:43.340137,
9444,https://www.fincaraiz.com.co/apartamento-en-venta/191642794,2024-11-10 15:13:43.342229,
9445,https://www.fincaraiz.com.co/apartamento-en-venta/191285927,2024-11-10 15:13:43.344226,
9446,https://www.fincaraiz.com.co/apartamento-en-venta/10978357,2024-11-10 15:13:43.346029,
9447,https://www.fincaraiz.com.co/apartamento-en-venta/191649652,2024-11-10 15:13:43.347762,
9448,https://www.fincaraiz.com.co/apartamento-en-venta/191412017,2024-11-10 15:13:43.349429,
9449,https://www.fincaraiz.com.co/apartamento-en-venta/10508511,2024-11-10 15:13:43.351410,
9455,https://www.fincaraiz.com.co/apartamento-en-venta/11103467,2024-11-10 15:01:19.448635,
9456,https://www.fincaraiz.com.co/apartamento-en-venta/191527749,2024-11-10 15:01:19.450794,
9457,https://www.fincaraiz.com.co/apartamento-en-venta/191605590,2024-11-10 15:01:19.452619,
9458,https://www.fincaraiz.com.co/apartamento-en-venta/11096070,2024-11-10 15:01:19.454288,
9459,https://www.fincaraiz.com.co/apartamento-en-venta/7988835,2024-11-10 15:01:19.455880,
9460,https://www.fincaraiz.com.co/apartamento-en-venta/191594211,2024-11-10 15:01:19.457802,
9461,https://www.fincaraiz.com.co/apartamento-en-venta/10187152,2024-11-10 15:01:19.460075,
9462,https://www.fincaraiz.com.co/apartamento-en-venta/191581504,2024-11-10 15:01:19.461907,
9463,https://www.fincaraiz.com.co/apartamento-en-venta/191417121,2024-11-10 15:01:19.463650,
9464,https://www.fincaraiz.com.co/apartamento-en-venta/10855490,2024-11-10 15:01:19.465345,
9465,https://www.fincaraiz.com.co/apartamento-en-venta/191059816,2024-11-10 15:01:19.467864,
9466,https://www.fincaraiz.com.co/apartamento-en-venta/191259742,2024-11-10 15:01:19.469908,
9467,https://www.fincaraiz.com.co/apartamento-en-venta/10775225,2024-11-10 15:01:19.471986,
9468,https://www.fincaraiz.com.co/apartamento-en-venta/10196947,2024-11-10 15:01:19.473867,
9469,https://www.fincaraiz.com.co/apartamento-en-venta/191461271,2024-11-10 15:01:19.476133,
9470,https://www.fincaraiz.com.co/apartamento-en-venta/191296976,2024-11-10 15:01:19.478126,
9471,https://www.fincaraiz.com.co/apartamento-en-venta/191282010,2024-11-10 15:00:22.482532,
9472,https://www.fincaraiz.com.co/apartamento-en-venta/191416256,2024-11-10 15:00:22.485127,
9473,https://www.fincaraiz.com.co/apartamento-en-venta/191648990,2024-11-10 15:00:22.487123,
9474,https://www.fincaraiz.com.co/apartamento-en-venta/8296375,2024-11-10 15:00:22.489301,
9475,https://www.fincaraiz.com.co/apartamento-en-venta/191642001,2024-11-10 15:00:22.491451,
9476,https://www.fincaraiz.com.co/apartamento-en-venta/191116427,2024-11-10 15:00:22.493457,
9477,https://www.fincaraiz.com.co/apartamento-en-venta/10935463,2024-11-10 15:00:22.495476,
9478,https://www.fincaraiz.com.co/apartamento-en-venta/10816236,2024-11-10 15:00:22.497229,
9479,https://www.fincaraiz.com.co/apartamento-en-venta/10098284,2024-11-10 15:00:22.499047,
9480,https://www.fincaraiz.com.co/apartamento-en-venta/10956113,2024-11-10 15:00:22.500873,
9481,https://www.fincaraiz.com.co/apartamento-en-venta/191120368,2024-11-10 15:00:22.502523,
9482,https://www.fincaraiz.com.co/apartamento-en-venta/10979982,2024-11-10 15:00:22.504223,
9483,https://www.fincaraiz.com.co/apartamento-en-venta/191590203,2024-11-10 15:00:22.506145,
9484,https://www.fincaraiz.com.co/apartamento-en-venta/10649478,2024-11-10 15:00:22.508658,
9485,https://www.fincaraiz.com.co/apartamento-en-venta/10607865,2024-11-10 15:00:22.510564,
9486,https://www.fincaraiz.com.co/apartamento-en-venta/191583184,2024-11-10 15:00:22.512321,
9487,https://www.fincaraiz.com.co/apartamento-en-venta/191266496,2024-11-10 15:00:22.514170,
9488,https://www.fincaraiz.com.co/apartamento-en-venta/191607216,2024-11-10 15:00:22.515957,
9489,https://www.fincaraiz.com.co/apartamento-en-venta-bogota-la-carolina/7984654,2024-11-10 15:00:22.517618,
9490,https://www.fincaraiz.com.co/apartamento-en-venta/10929255,2024-11-10 15:00:22.519934,
9491,https://www.fincaraiz.com.co/apartamento-en-venta/191570246,2024-11-10 15:00:22.521702,
